1,google.com
2,akamaiedge.net
3,facebook.com
4,youtube.com
5,netflix.com
6,gtld-servers.net
7,microsoft.com
8,twitter.com
9,instagram.com
10,amazonaws.com
11,akamai.net
12,linkedin.com
13,apple.com
14,baidu.com
15,a-msedge.net
16,cloudflare.com
17,wikipedia.org
18,akadns.net
19,amazon.com
20,yahoo.com
21,bilibili.com
22,bing.com
23,qq.com
24,live.com
25,azure.com
26,wordpress.org
27,googletagmanager.com
28,l-msedge.net
29,dell.com
30,office.com
31,trafficmanager.net
32,netflix.net
33,pinterest.com
34,fastly.net
35,whatsapp.com
36,github.com
37,youtu.be
38,microsoftonline.com
39,domaincontrol.com
40,mail.ru
41,yandex.ru
42,reddit.com
43,googlevideo.com
44,nflxso.net
45,vimeo.com
46,adobe.com
47,gandi.net
48,s-msedge.net
49,windowsupdate.com
50,zoom.us
51,sharepoint.com
52,aaplimg.com
53,wordpress.com
54,cloudapp.net
55,goo.gl
56,bit.ly
57,windows.net
58,edgekey.net
59,vk.com
60,msn.com
61,office365.com
62,apple-dns.net
63,doubleclick.net
64,blogspot.com
65,intuit.com
66,webex.com
67,mozilla.org
68,tiktok.com
69,t-msedge.net
70,taobao.com
71,salesforce.com
72,zhihu.com
73,googledomains.com
74,t.co
75,paypal.com
76,tumblr.com
77,macromedia.com
78,skype.com
79,opera.com
80,spotify.com
81,xvideos.com
82,nic.ru
83,nih.gov
84,googleusercontent.com
85,cloudflare.net
86,zemanta.com
87,nytimes.com
88,pornhub.com
89,outlook.com
90,flickr.com
91,europa.eu
92,dropbox.com
93,weibo.com
94,yandex.net
95,wellsfargo.com
96,163.com
97,fandom.com
98,cloudfront.net
99,force.com
100,omtrdc.net
101,gravatar.com
102,sina.com.cn
103,gvt1.com
104,ebay.com
105,yahoo.co.jp
106,msedge.net
107,imdb.com
108,medium.com
109,lencr.org
110,nintendo.net
111,linode.com
112,canva.com
113,p-cdn.us
114,myfritz.net
115,icloud.com
116,fbcdn.net
117,soundcloud.com
118,apache.org
119,cnn.com
120,digicert.com
121,naver.com
122,google-analytics.com
123,office.net
124,t.me
125,twitch.tv
126,github.io
127,abusix.zone
128,aliexpress.com
129,spo-msedge.net
130,roblox.com
131,archive.org
132,tiktokcdn.com
133,forbes.com
134,w3.org
135,stackoverflow.com
136,csdn.net
137,theguardian.com
138,bbc.co.uk
139,mangosip.ru
140,bbc.com
141,xhamster.com
143,forms.gle
144,myshopify.com
145,quora.com
146,comcast.net
147,sourceforge.net
148,miit.gov.cn
149,dnsmadeeasy.com
150,akamaihd.net
151,indeed.com
152,meraki.com
153,jd.com
154,worldfcdn.com
155,hwcdn.net
156,epicgames.com
157,registrar-servers.com
158,sciencedirect.com
160,att-idns.net
161,googleapis.com
162,etsy.com
163,xcal.tv
164,booking.com
165,creativecommons.org
166,cedexis.net
167,who.int
168,akamaized.net
169,teamviewer.com
170,weebly.com
171,issuu.com
172,db.com
173,imgur.com
174,spankbang.com
175,sohu.com
176,wixsite.com
177,wsdvs.com
178,researchgate.net
179,washingtonpost.com
180,cdc.gov
181,cisco.com
182,azurewebsites.net
183,oracle.com
184,hp.com
185,edgesuite.net
186,duckduckgo.com
187,wa.me
188,tiktokv.com
192,rackspace.net
193,reuters.com
195,wikimedia.org
196,xnxx.com
197,telegram.org
198,twimg.com
199,samsung.com
200,windows.com
201,bloomberg.com
202,demdex.net
203,salesforceliveagent.com
204,elasticbeanstalk.com
205,cdninstagram.com
206,azureedge.net
207,discord.com
208,googlesyndication.com
209,tinyurl.com
210,shifen.com
211,harvard.edu
212,tradingview.com
213,dailymail.co.uk
214,wsj.com
215,wix.com
216,herokudns.com
217,mit.edu
218,go.com
219,nhusd.k12.ca.us
220,youku.com
221,freepik.com
222,shopify.com
223,alibaba.com
224,cdngslb.com
225,so.com
226,hao123.com
227,siriusxm.com
228,youtube-nocookie.com
229,wiley.com
230,php.net
231,reg.ru
232,sberdevices.ru
233,slack.com
234,nginx.org
235,ibm.com
236,o365filtering.com
237,rackspace.com
238,alameda-coe.k12.ca.us
239,aol.com
240,akam.net
241,businessinsider.com
242,gvt2.com
243,manitu.net
244,1688.com
245,jomodns.com
246,blogger.com
247,a2z.com
248,behance.net
249,nstld.com
250,zendesk.com
251,douban.com
252,douyu.com
253,rambler.ru
254,cnbc.com
255,ohthree.com
256,tmall.com
257,whatsapp.net
258,alipay.com
259,chaturbate.com
260,wp.com
261,userapi.com
262,nature.com
263,mcafee.com
264,ytimg.com
265,name-services.com
266,magento.cloud
267,slideshare.net
268,ok.ru
269,walmart.com
270,springer.com
271,flipkart.com
272,kaspersky.com
274,googleadservices.com
275,nginx.com
276,criteo.com
277,list-manage.com
278,doi.org
279,steampowered.com
280,rbxcdn.com
281,nessus.org
282,wildberries.ru
284,2mdn.net
285,stanford.edu
286,un.org
287,gnu.org
288,nasa.gov
289,aliyun.com
290,www.gov.uk
291,atl-paas.net
292,linktr.ee
293,amazonvideo.com
294,okta.com
295,att.com
296,godaddy.com
297,incapdns.net
298,unsplash.com
299,adnxs.com
300,ilovepdf.com
301,cdn77.org
302,unity3d.com
303,ampproject.org
304,ring.com
305,moonbeam.network
306,fincoad.com
307,avito.ru
308,mediafire.com
309,cpanel.net
310,usatoday.com
311,fiverr.com
312,dnsowl.com
313,cnet.com
314,ca.gov
315,cloudns.net
316,eventbrite.com
317,app-measurement.com
318,hubspot.com
319,npr.org
320,line.me
321,weather.com
322,surveymonkey.com
323,stripe.com
324,telegraph.co.uk
325,att.net
326,xiaomi.com
327,amazon-adsystem.com
328,saasprotection.com
329,na-att-idns.net
330,adobe.io
331,casalemedia.com
332,pki.goog
333,time.com
334,dailymotion.com
335,espn.com
336,snapchat.com
338,consultant.ru
339,hichina.com
340,realsrv.com
341,trello.com
342,yelp.com
343,onetag-sys.com
344,digitalocean.com
345,udemy.com
346,w3schools.com
347,goskope.com
348,hicloud.com
349,goodreads.com
350,360.cn
351,huawei.com
352,galaxydata.ru
353,tripadvisor.com
354,rackspaceclouddb.com
355,ted.com
356,foxnews.com
357,iqiyi.com
358,rzone.de
359,nflxvideo.net
360,pixiv.net
361,huya.com
362,rakuten.co.jp
363,no-ip.com
364,marriott.com
365,deviantart.com
366,wired.com
367,ozon.ru
368,alibabadns.com
369,grammarly.com
370,pixabay.com
371,patreon.com
372,mega.nz
373,themeforest.net
374,aiv-cdn.net
375,indiatimes.com
376,wetransfer.com
377,gstatic.com
378,fc2.com
379,mailchimp.com
380,b-msedge.net
381,adriver.ru
382,addtoany.com
383,mysql.com
384,scorecardresearch.com
385,appsflyer.com
386,jotform.com
387,g.page
388,ft.com
389,bitly.com
390,intel.com
391,eset.com
392,e-msedge.net
393,webmd.com
394,scribd.com
395,maricopa.gov
396,sorbs.net
398,myspace.com
399,fb.com
400,mega.co.nz
401,independent.co.uk
402,berkeley.edu
403,fireeye.com
404,stripchat.com
405,zillow.com
406,gosuslugi.ru
407,deepl.com
408,worldnic.com
409,hostgator.com
410,healthline.com
411,amzn.to
412,techcrunch.com
413,sogou.com
414,name.com
415,statista.com
416,squarespace.com
417,loc.gov
418,igamecj.com
419,huffingtonpost.com
420,binance.com
421,livejournal.com
422,shutterstock.com
423,addthis.com
424,latimes.com
425,azure-dns.com
426,cnki.net
427,craigslist.org
428,ikea.com
429,gcdn.co
430,opendns.com
431,douyin.com
432,free.fr
433,bluehost.com
435,beian.gov.cn
436,theverge.com
437,yahoodns.net
438,roku.com
439,newrelic.com
440,ggpht.com
442,speedtest.net
443,root-servers.net
444,pexels.com
445,pubmatic.com
446,rt.ru
447,dns.com
448,debian.org
449,onlyfans.com
450,upwork.com
451,ctdns.cn
452,chase.com
453,aliyuncs.com
454,miui.com
455,washington.edu
457,openx.net
458,giphy.com
459,exacttarget.com
460,mi.com
461,cbsnews.com
462,atlassian.net
463,sophos.com
464,mozilla.com
465,chinamobile.com
466,huffpost.com
467,vkontakte.ru
468,box.com
469,fbs1-t-msedge.net
470,tbcache.com
471,prnewswire.com
472,ngenix.net
473,redd.it
474,buzzfeed.com
475,cornell.edu
476,bandcamp.com
477,herokuapp.com
478,ietf.org
479,tandfonline.com
480,rackcdn.com
481,forter.com
482,dynect.net
483,kickstarter.com
484,apple.news
485,digikala.com
486,fortinet.net
488,intermedia.net
489,avast.com
490,oup.com
491,primevideo.com
492,3dmgame.com
493,trendmicro.com
494,hugedomains.com
495,hulu.com
496,hotjar.com
497,taboola.com
499,atomile.com
500,alicdn.com
501,fda.gov
502,oath.cloud
503,theatlantic.com
504,bidswitch.net
505,fedex.com
506,domainmarket.com
507,nationalgeographic.com
508,coursera.org
509,playstation.net
510,ntp.org
511,stackexchange.com
512,cambridge.org
513,rosintel.com
514,daum.net
515,coinmarketcap.com
516,sentry.io
517,instructure.com
518,nbcnews.com
519,verisign.com
520,investopedia.com
521,rlcdn.com
522,googletagservices.com
524,netangels.ru
525,zalan.do
526,ea.com
527,aboutads.info
528,zoho.com
529,business.site
530,globo.com
531,ubuntu.com
532,demandware.net
533,pinimg.com
534,launchpad.net
535,sagepub.com
537,noaa.gov
538,elsevier.com
539,gmail.com
540,azurefd.net
541,b-cdn.net
542,uol.com.br
543,academia.edu
544,ivi.ru
545,msftconnecttest.com
546,usda.gov
547,princeton.edu
548,msftncsi.com
549,apigee.net
550,usnews.com
551,yandex.com
552,zxx.edu.cn
553,mailchi.mp
554,tistory.com
555,britannica.com
556,android.com
557,savefrom.net
558,httpbl.org
559,rncdn7.com
560,hbr.org
561,bankofamerica.com
562,vtb.ru
563,dribbble.com
564,tencent.com
565,c-msedge.net
566,rayjump.com
567,nypost.com
568,ovscdns.com
569,autodesk.com
570,dnspod.net
571,state.gov
572,trustpilot.com
573,statcounter.com
574,netease.com
575,timeweb.ru
576,sitemaps.org
577,spaceweb.pro
578,jianshu.com
579,disqus.com
580,mirtesen.ru
581,ttvnw.net
582,mayoclinic.org
583,toutiao.com
584,bitrix24.ru
585,wikihow.com
586,imgsmail.ru
587,steamcommunity.com
588,nvidia.com
589,myqcloud.com
590,safebrowsing.apple
591,telegram.me
592,rubiconproject.com
593,moatads.com
594,marketwatch.com
596,umich.edu
597,rbc.ru
598,nicovideo.jp
599,ali213.net
600,spcsdns.net
601,swisscom.com
602,markmonitor.com
603,administratelms.com
604,visualstudio.com
605,homedepot.com
606,checkpoint.com
607,atlassian.com
608,change.org
609,unesco.org
610,alidns.com
611,ups.com
612,pbs.org
613,arnebrachhold.de
614,edgecdn.ru
615,ixigua.com
616,whitehouse.gov
617,skyeng.link
618,redhat.com
619,akismet.com
620,discord.gg
622,economist.com
623,nest.com
624,nr-data.net
625,appspot.com
626,lenovo.com.cn
627,adsrvr.org
628,attn.tv
629,businesswire.com
630,nike.com
631,ertelecom.ru
632,bestbuy.com
633,wpengine.com
634,typeform.com
635,megafon.ru
636,networkadvertising.org
637,allaboutcookies.org
638,outbrain.com
639,paloaltonetworks.com
640,mwbsys.com
641,rtcfront.net
642,arcgis.com
643,igodigital.com
644,epa.gov
645,columbia.edu
646,dreamhost.com
647,calendly.com
648,va.gov
651,ieee.org
652,xfinity.com
653,lum-superproxy.io
654,merchantlink.com
655,media.net
656,sitescout.com
657,jimdo.com
658,fb.me
659,iso.org
661,worldbank.org
662,xinhuanet.com
663,investing.com
664,mts.ru
665,media-amazon.com
666,ripn.net
667,swrve.com
668,lenovo.com
669,nist.gov
670,ford.com
671,about.com
672,dcinside.com
673,deloitte.com
674,expedia.com
675,usps.com
676,online-metrix.net
677,gitlab.com
678,psu.edu
679,ttlivecdn.com
680,tremorhub.com
681,usgovcloudapi.net
682,target.com
683,notion.so
684,airbnb.com
685,rt.com
686,pinterest.ca
687,merriam-webster.com
688,optimizely.com
689,typepad.com
690,dnsv1.com
691,digg.com
692,beeline.ru
693,disneyplus.com
694,figma.com
695,3lift.com
696,vice.com
697,cbc.ca
698,messenger.com
699,yimg.com
700,sciencemag.org
701,yale.edu
702,hbo.com
703,hinet.net
704,accuweather.com
705,administrateapp.com
706,aliexpress.ru
707,qualtrics.com
709,abc.net.au
710,gihc.net
711,upenn.edu
712,smartedu.cn
713,eporner.com
715,cctv.com
716,sfx.ms
717,zdnet.com
718,sharethrough.com
719,livedoor.jp
720,rocket-cdn.com
721,playstation.com
722,psychologytoday.com
723,mashable.com
724,irs.gov
725,ui.com
726,sciencedaily.com
727,eepurl.com
728,ecdns.net
729,gofundme.com
730,doubleverify.com
731,mathtag.com
732,ucla.edu
733,immunet.com
734,istockphoto.com
735,arxiv.org
736,vox.com
737,avito.st
738,namebrightdns.com
739,kaspersky-labs.com
740,llnwi.net
741,kunluncan.com
742,americanexpress.com
743,constantcontact.com
744,ys7.com
745,ox.ac.uk
746,tencent-cloud.net
747,samsungcloudsolution.com
748,locaweb.com.br
749,cdn20.com
750,kunlunsl.com
751,ps.kz
752,plos.org
753,docker.com
754,bmj.com
755,dmm.co.jp
756,ebay.co.uk
757,qidian.com
758,fortune.com
759,icloud-content.com
760,envato.com
761,canonical.com
762,samsungcloud.com
763,appismy.com
764,theconversation.com
765,dhl.com
766,mzstatic.com
767,feishu.cn
768,newyorker.com
769,licdn.com
770,y2mate.com
771,uber.com
772,duolingo.com
773,ovh.net
774,biomedcentral.com
775,duckdns.org
776,getpocket.com
777,python.org
778,host-food.ru
779,immedia-semi.com
780,imcmdb.net
781,northgrum.com
782,canada.ca
783,weforum.org
784,apnews.com
785,uci.edu
786,webrootcloudav.com
787,cdnhwc1.com
788,newsweek.com
789,fastcompany.com
791,sxyprn.com
792,playfabapi.com
793,wisc.edu
794,geeksforgeeks.org
795,mckinsey.com
796,criteo.net
797,ui-dns.com
798,chess.com
799,4399.com
800,youdao.com
801,yts.mx
802,shein.com
803,verizon.com
804,evernote.com
805,feedburner.com
806,revopush.com
807,trbcdn.net
808,namu.wiki
809,samsungqbe.com
810,justhost.ru
811,quantserve.com
812,bluekai.com
813,jquery.com
814,aparat.com
815,nease.net
816,service-now.com
817,crashlytics.com
818,qwest.net
819,cdn-apple.com
820,riotgames.com
821,eastday.com
822,dw.com
823,sun.com
824,umn.edu
825,adobe.net
826,wiktionary.org
827,engadget.com
828,fincoec.com
829,plesk.com
830,inc.com
831,marca.com
832,oreilly.com
833,nsone.net
834,meetup.com
835,lazada.sg
836,teads.tv
837,appier.net
838,soso.com
839,bytetcdn.com
840,smartadserver.com
841,ign.com
842,wbx2.com
843,hilton.com
844,mynetname.net
845,jobsatamazon.co.uk
847,adcolony.com
848,inbake.com
849,cnblogs.com
850,sberbank.ru
851,chsi.com.cn
852,impervadns.net
853,wattpad.com
854,frontiersin.org
855,medicalnewstoday.com
856,gizmodo.com
857,adsafeprotected.com
858,33across.com
859,vmware.com
860,roskazna.ru
861,acoustic-adm.com
862,dan.com
863,discordapp.com
864,mdpi.com
865,apa.org
866,entrust.net
867,allegro.pl
868,bet365.com
869,capitalone.com
870,p-cdn.com
871,example.com
872,secureserver.net
873,hbomax.com
874,cloudinary.com
875,smswm.ru
876,thesun.co.uk
877,supersonicads.com
878,stumbleupon.com
879,nhentai.net
881,mlb.com
882,youronlinechoices.com
883,ksyuncdn.com
884,geocities.com
885,asus.com
886,elpais.com
887,launchdarkly.com
888,1c.ru
889,exelator.com
890,comcast.com
891,braze.com
892,emxdgt.com
893,tripod.com
894,cam.ac.uk
895,asana.com
896,spiegel.de
897,eastmoney.com
898,samsungacr.com
899,awsglobalaccelerator.com
900,dnsdomen.com
901,systems.next
902,9gag.com
903,ilive.cn
904,webs.com
905,adobess.com
906,utexas.edu
907,spamhaus.org
908,xing.com
909,shaparak.ir
910,adp.com
911,agkn.com
912,notamedia.ru
913,trendyol.com
914,ameblo.jp
915,footprint.net
916,nintendo.com
917,360safe.com
918,mirror.co.uk
919,oecd.org
920,t-mobile.com
921,imrworldwide.com
922,ultradns.com
923,roche.com
924,hupu.com
925,twtrdns.net
926,gldn.net
927,kakao.com
928,smaato.net
929,branch.io
930,mob.com
931,drom.ru
932,jhu.edu
933,dyndns.org
934,gartner.com
935,1337x.to
936,pewresearch.org
937,varzesh3.com
938,360yield.com
939,cmu.edu
940,mgtv.com
941,sectigo.com
942,timeanddate.com
943,entrepreneur.com
944,mgts.ru
945,anchor.fm
946,everesttech.net
947,gismeteo.ru
948,acs.org
949,fontawesome.com
950,livedoor.com
951,jstor.org
952,domaindiscount24.net
953,dropboxusercontent.com
954,people.com.cn
955,sc-gw.com
956,byteoversea.net
957,openstreetmap.org
958,ria.ru
959,scientificamerican.com
960,dzeninfra.ru
961,shopee.tw
962,crwdcntrl.net
963,photobucket.com
964,sinaedge.com
965,tanium.com
966,siemens.com
967,gongio.net
968,bidr.io
969,nps.gov
970,rapid7.com
971,arstechnica.com
972,nga.cn
973,bbb.org
974,topdns.me
975,onetrust.com
976,ny.gov
977,cdnvideo.ru
978,getbootstrap.com
979,dbankcloud.ru
980,guardian.co.uk
981,mercadolibre.com.mx
982,xbox.com
983,ptinews.com
984,elegantthemes.com
985,remove.bg
986,1drv.com
987,lwsdns.com
988,genius.com
989,samsungapps.com
990,savvis.net
991,science.org
992,uchicago.edu
993,dnsimple.com
994,coupang.com
995,ftc.gov
996,mos.ru
997,ed.gov
998,tapad.com
999,topdns.com
1000,opensea.io
1001,xerox.com
1002,fao.org
1003,appcenter.ms
1004,aljazeera.com
1005,slate.com
1006,2gis.com
1007,a-ads.com
1008,wayfair.com
1009,gname-dns.com
1010,hotstar.com
1011,substack.com
1012,sfgate.com
1013,online.net
1014,sky.com
1015,house.gov
1016,gamespot.com
1017,hdfcbank.com
1018,shopee.co.id
1019,bitbucket.org
1020,pnas.org
1021,ssa.gov
1022,arlo.com
1023,thelancet.com
1024,discogs.com
1025,dotomi.com
1026,mongodb.com
1027,zerodha.com
1028,reverso.net
1029,wscdns.com
1030,racklabs.com
1031,amazontrust.com
1032,bdydns.com
1033,ubi.com
1034,my.com
1035,attcompute.com
1036,youporn.com
1037,alikunlun.com
1038,crunchyroll.com
1039,tokopedia.com
1040,infonline.de
1041,purdue.edu
1043,hhs.gov
1044,conviva.com
1045,cloudhub.io
1046,ucsd.edu
1047,glassdoor.com
1048,warnerbros.com
1049,usc.edu
1050,bizjournals.com
1051,gotowebinar.com
1052,mercadolibre.com.ar
1053,kinghost.com.br
1055,cdnbasket.net
1056,fidelity.com
1057,krxd.net
1058,symantec.com
1059,si.edu
1060,nic.uk
1061,chicagotribune.com
1062,telenet-ops.be
1063,uk.com
1064,mediatek.com
1065,readthedocs.io
1066,op.gg
1067,myhostadmin.net
1068,ndtv.com
1069,indiegogo.com
1070,barnesandnoble.com
1071,politico.com
1072,nokia.com
1073,grabpay.com
1074,ufl.edu
1075,live.net
1076,fmkorea.com
1077,jsdelivr.net
1078,utorrent.com
1079,amplitude.com
1080,variety.com
1082,klaviyo.com
1083,dbankcloud.com
1084,aws-prd.net
1085,alipaydns.com
1086,gamersky.com
1087,pcmag.com
1088,sahibinden.com
1089,superhosting.bg
1090,beget.ru
1091,autohome.com.cn
1092,livejasmin.com
1093,incometax.gov.in
1094,proofpoint.com
1095,fb.watch
1096,entergy.com
1097,airtable.com
1098,bytefcdn.com
1099,census.gov
1100,myq-cloud.com
1101,sixt.com
1102,smi2.net
1103,blog.jp
1104,dns-parking.com
1105,nyu.edu
1106,aboutcookies.org
1107,cox.net
1108,jetbrains.com
1109,ks-cdn.com
1110,jamanetwork.com
1111,arizona.edu
1112,rackspacecloud.com
1113,ebay.de
1114,yandexcloud.net
1115,realtor.com
1116,zippyshare.com
1117,mihoyo.com
1118,softonic.com
1119,tds.net
1120,worldfcdn2.com
1121,news.com.au
1122,cdn-ns1.net
1123,rollingstone.com
1124,xhamsterlive.com
1125,bls.gov
1126,administrate.engineering
1127,pandora.com
1128,usgs.gov
1129,lijit.com
1130,adobedtm.com
1131,chaoxing.com
1132,cpanel.com
1133,sap.com
1134,wp.pl
1135,artstation.com
1136,hostgator.com.br
1137,contextweb.com
1138,hitomi.la
1139,express.co.uk
1140,applovin.com
1141,mxptint.net
1142,nba.com
1143,animeflv.net
1144,techradar.com
1145,wikia.com
1146,sec.gov
1147,myanimelist.net
1148,dbankcdn.com
1149,spotxchange.com
1150,logitech.com
1151,howstuffworks.com
1152,thetimes.co.uk
1153,techtarget.com
1154,uiuc.edu
1155,as.com
1156,beget.com
1157,livescience.com
1158,qz.com
1159,stat-rock.com
1160,ddnss.de
1161,dhs.gov
1162,sqills.com
1163,fwmrm.net
1164,nextdoor.com
1165,stackpathcdn.com
1166,splashtop.com
1167,orderbox-dns.com
1168,oraclecloud.com
1169,coveo.com
1170,www.nhs.uk
1171,marketingcloudapis.com
1172,nikkei.com
1173,app.link
1174,mgmresorts.com
1175,e-volution.ai
1176,miitbeian.gov.cn
1177,9anime.id
1178,tendawifi.com
1179,postgresql.org
1180,senate.gov
1181,mercadolivre.com.br
1182,awsdns-32.co.uk
1183,asu.edu
1184,rottentomatoes.com
1185,myworkday.com
1186,army.mil
1187,hootsuite.com
1188,e2ro.com
1189,smh.com.au
1190,netscape.com
1191,wixdns.net
1192,advertising.com
1193,shopee.co.th
1194,kuaishou.com
1196,matterport.com
1197,capitalonegslbex.com
1198,adsymptotic.com
1199,npmjs.com
1200,globenewswire.com
1201,minecraft.net
1202,lenta.ru
1203,runoob.com
1204,unicef.org
1205,citrix.com
1206,hotels.com
1207,smallpdf.com
1208,cloud.com
1209,myworkdayjobs.com
1210,eff.org
1211,codebig2.net
1212,icq.com
1213,adform.net
1214,duke.edu
1215,quickconnect.to
1216,lowes.com
1217,deezer.com
1218,jamfcloud.com
1219,altervista.org
1220,bitrixphone.com
1221,smzdm.com
1222,dictionary.com
1223,dondominio.com
1224,typekit.net
1225,nsatc.net
1226,sweb.ru
1227,coinbase.com
1228,sakura.ne.jp
1229,shopifycloud.com
1230,shopee.com.my
1231,people.com
1232,ubnt.com
1233,clarity.ms
1234,thehill.com
1235,serverdata.net
1236,52pojie.cn
1237,agora.io
1238,apple.com.cn
1239,zol.com.cn
1240,java.com
1241,pendo.io
1242,infobae.com
1243,chron.com
1244,nejm.org
1245,withgoogle.com
1246,fool.com
1247,utoronto.ca
1248,gitee.com
1249,avira.com
1250,onet.pl
1251,earthlink.net
1252,ztomy.com
1253,lemonde.fr
1254,unc.edu
1255,repubblica.it
1256,actionverb.com
1257,gogoanime.lu
1258,quizlet.com
1259,inmotionhosting.com
1260,gumroad.com
1261,bugsnag.com
1262,webpkgcache.com
1263,pluto.tv
1264,admin.ch
1265,khanacademy.org
1266,msu.edu
1267,itch.io
1268,tesla.com
1269,e-hentai.org
1270,navify.com
1271,edu-servers.net
1272,mozaws.net
1273,flaticon.com
1274,hwcdn.ru
1275,medallia.com
1276,moatpixel.com
1277,dtvce.com
1278,cookielaw.org
1279,sony.com
1280,stackadapt.com
1281,fast.com
1282,eduyun.cn
1283,battle.net
1284,www.gov.cn
1285,semrush.com
1286,ssl-images-amazon.com
1287,grserver.gr
1288,awsdns-60.co.uk
1289,telegra.ph
1290,scmp.com
1291,sentinelone.net
1292,icann.org
1293,googleblog.com
1294,hoster.kz
1295,gumgum.com
1296,constellix.com
1297,adobelogin.com
1298,divar.ir
1299,schwab.com
1300,seznam.cz
1301,freenom.com
1302,jino.ru
1303,russianpost.ru
1304,douyincdn.com
1305,ucdavis.edu
1306,urbandictionary.com
1307,mantraonline.com
1308,mitre.org
1309,adjust.com
1310,nelreports.net
1311,pphosted.com
1312,ouo.io
1313,line-apps.com
1314,flipboard.com
1315,life360.com
1316,ifeng.com
1317,history.com
1318,hatena.ne.jp
1320,umd.edu
1321,drift.com
1322,instacart.com
1323,hollywoodreporter.com
1324,foursquare.com
1325,iponweb.net
1326,chinadaily.com.cn
1327,beelinegprs.ru
1328,kernel.org
1329,bamgrid.com
1330,comodoca.com
1331,wsglb0.com
1332,icicibank.com
1333,cbslocal.com
1334,agemys.cc
1335,digitaltrends.com
1336,citi.com
1337,test-hf.ru
1338,csof.net
1339,namecheaphosting.com
1340,ibosscloud.com
1341,starmakerstudios.com
1342,3gppnetwork.org
1343,thedailybeast.com
1344,go-mpulse.net
1346,gsmarena.com
1347,squareup.com
1348,lync.com
1349,slashdot.org
1350,tinkoff.ru
1351,me.com
1352,bitnami.com
1353,vihub.ru
1354,chinaz.com
1355,torob.com
1356,illinois.edu
1357,shalltry.com
1359,yieldmo.com
1360,ey.com
1361,venturebeat.com
1362,accenture.com
1363,itu.int
1364,fitbit.com
1365,themeisle.com
1366,upravel.com
1367,rakuten.com
1368,telephony.goog
1369,auth0.com
1370,1rx.io
1371,4chan.org
1372,rspamd.com
1373,blizzard.com
1374,nhk.or.jp
1375,surfnet.nl
1376,pwc.com
1377,trustarc.com
1378,uplynk.com
1379,mapquest.com
1380,liadm.com
1381,perfectdomain.com
1382,ssrn.com
1383,akamaitechnologies.com
1384,115.com
1385,daftsex.com
1386,thoughtco.com
1387,hm.com
1388,zoom.com
1389,gotinder.com
1390,bild.de
1391,peacocktv.com
1392,tiktokcdn-us.com
1393,nydailynews.com
1394,costco.com
1395,ey.net
1396,aspnetcdn.com
1397,libsyn.com
1398,readmanganato.com
1399,redbubble.com
1400,kroger.com
1401,nsw.gov.au
1402,m.me
1403,netdna-ssl.com
1404,onlinesbi.sbi
1405,2o7.net
1406,dot.gov
1407,cdnhwc2.com
1408,today.com
1409,prezi.com
1410,theglobeandmail.com
1411,acm.org
1412,wunderground.com
1413,disney.com
1414,dropbox-dns.com
1415,mystrikingly.com
1416,gshifen.com
1417,webhostbox.net
1418,mixcloud.com
1419,nymag.com
1420,audible.com
1421,instructables.com
1422,dynamicnetworkservices.net
1423,parallels.com
1424,xiaomi.net
1425,virtualearth.net
1426,cloudsink.net
1427,cqloud.com
1428,garmin.com
1429,lifehacker.com
1430,ondemand.com
1431,akamaitech.net
1432,namecheap.com
1433,nipr.mil
1434,metro.co.uk
1435,uhc.com
1436,northwestern.edu
1437,qianxun.com
1438,t-online.de
1439,centralnic.net
1440,livestream.com
1441,freshdesk.com
1442,threema.ch
1443,goo.ne.jp
1444,newscientist.com
1445,feedly.com
1446,usertrust.com
1447,helpshift.com
1448,zoomsvr.com
1449,samsungcloudsolution.net
1450,amazonaws.com.cn
1451,sc-cdn.net
1452,dbankedge.net
1453,cutt.ly
1454,gettyimages.com
1455,datadoghq.com
1456,grammarly.io
1457,okezone.com
1458,thefreedictionary.com
1459,cerf.net
1460,moodle.org
1461,powerbi.com
1462,dns.cn
1463,quillbot.com
1464,codepen.io
1465,azure-dns.info
1466,thingiverse.com
1467,enable-javascript.com
1468,thesaurus.com
1469,ebay-kleinanzeigen.de
1470,euronews.com
1471,dns-shop.ru
1472,xiaohongshu.com
1473,kinopoisk.ru
1474,naver.jp
1475,justice.gov
1477,hindustantimes.com
1478,norton.com
1479,biblegateway.com
1480,pubnub.com
1481,eksisozluk.com
1482,archives.gov
1483,ibb.co
1484,linksynergy.com
1485,azure-dns.net
1486,azure-dns.org
1487,4.cn
1488,gallup.com
1489,hh.ru
1490,mgslb.com
1491,mparticle.com
1492,colorado.edu
1493,noodlemagazine.com
1494,bootstrapcdn.com
1495,viber.com
1496,afilias-nst.info
1498,archiveofourown.org
1499,skyeng.ru
1500,tenable.com
1501,websitewelcome.com
1502,iana.org
1503,id5-sync.com
1504,lww.com
1505,here.com
1506,weibo.cn
1507,iqbroker.com
1508,service.gov.uk
1509,amd.com
1510,siteimproveanalytics.io
1511,iheart.com
1512,rfihub.com
1513,smithsonianmag.com
1514,otm-r.com
1515,queue-it.net
1516,asos.com
1517,protek.ru
1518,bund.de
1519,truste.com
1520,topgslb.com
1521,indianexpress.com
1522,indiamart.com
1523,orange.fr
1524,redfin.com
1525,drupal.org
1526,leagueoflegends.com
1527,turn.com
1528,openssl.org
1529,aadrm.com
1530,sfdc.cl
1531,ubc.ca
1532,shahed4u.mx
1533,aws.dev
1534,automattic.com
1535,woocommerce.com
1536,rutracker.org
1537,vungle.com
1538,ning.com
1539,ubisoft.com
1540,mgid.com
1541,sapo.pt
1542,wal-mart.com
1543,dreamstime.com
1544,usa.gov
1545,tamu.edu
1546,last.fm
1547,freebsd.org
1548,wa.gov
1549,imageshack.us
1550,whecloud.com
1551,uminet.ru
1552,gofile.io
1553,squarespacedns.com
1554,ticketmaster.com
1555,lego.com
1556,amocrm.ru
1557,brave.com
1558,network-auth.com
1559,pastebin.com
1560,interia.pl
1561,mimecast.com
1562,blogspot.co.uk
1563,meituan.com
1564,fedoraproject.org
1565,crunchbase.com
1566,creativecdn.com
1567,ezoicns.com
1568,uspto.gov
1569,bigcartel.com
1570,apachefriends.org
1571,cricbuzz.com
1572,statuspage.io
1573,about.me
1574,awsdns-19.co.uk
1575,ortb.net
1576,lastpass.com
1577,rr.com
1578,seekingalpha.com
1579,pruffme.com
1580,doubleclick.com
1581,payoneer.com
1582,alexa.com
1583,lyft.com
1584,uc.cn
1585,awsdns-29.com
1586,bigcommerce.com
1587,treasury.gov
1588,rutgers.edu
1589,agoda.com
1590,limestart.cn
1591,txxx.com
1592,spaceweb.ru
1593,texas.gov
1594,ads-twitter.com
1595,onmicrosoft.com
1596,udn.com
1597,above.com
1598,awsdns-07.co.uk
1599,ultimate-guitar.com
1600,opera.software
1601,utah.edu
1602,thomsonreuters.net
1603,nexon.com
1604,aa.com
1605,docusign.net
1606,gs.com
1607,neilpatel.com
1608,web.dev
1609,usgovtrafficmanager.net
1611,ultradns.net
1612,ucl.ac.uk
1613,phys.org
1614,corriere.it
1615,hpe.com
1616,xe.com
1617,navy.mil
1618,tdnsv6.com
1619,secb2b.com
1620,indeed.tech
1621,vnexpress.net
1622,insider.com
1623,mixpanel.com
1624,indexww.com
1625,gda.pl
1626,animixplay.to
1627,edgecastdns.net
1628,register.com
1629,wufoo.com
1630,fcc.gov
1631,rings.solutions
1632,docomo.ne.jp
1633,tmz.com
1634,kohls.com
1635,vkuser.net
1636,ucweb.com
1637,hostinger.com
1638,ihc.ru
1639,trueconf.net
1640,wise.com
1641,doordash.com
1642,mozgcp.net
1643,postman.com
1644,convertio.co
1645,cachefly.net
1646,clevelandclinic.org
1647,nyc.gov
1648,rg.ru
1649,boston.com
1650,cpi.ad.jp
1651,privacyshield.gov
1652,joomla.org
1653,tutorialspoint.com
1654,lefigaro.fr
1655,curseforge.com
1656,congress.gov
1657,podbean.com
1658,hyatt.com
1659,semanticscholar.org
1660,virginia.edu
1661,tnaflix.com
1662,onelink.me
1663,osu.edu
1664,weborama.fr
1665,awsdns-35.org
1666,weather.gov
1667,lyft.net
1668,monikerdns.net
1669,angelfire.com
1670,us.com
1671,wtxcdn.com
1672,playrix.com
1673,syosetu.com
1674,bu.edu
1675,houzz.com
1676,shopee.vn
1677,usembassy.gov
1678,georgetown.edu
1679,technologyreview.com
1680,pvp.net
1681,moz.com
1682,ddns.net
1683,prodgdc.com
1684,espncricinfo.com
1685,nasdaq.com
1686,company-target.com
1687,mcbbs.net
1688,porntrex.com
1689,meetme.com
1690,tableau.com
1691,quantummetric.com
1692,coingecko.com
1693,unity.com
1694,dns.br
1695,adswizz.com
1696,samsclub.com
1697,energy.gov
1698,msidentity.com
1699,qlteacher.com
1700,weatherbug.net
1701,medlineplus.gov
1702,firefox.com
1703,phicdn.net
1704,adsco.re
1705,redtube.com
1706,thepaper.cn
1707,lg.co.kr
1708,ucoz.ru
1709,streamtheworld.net
1710,ebay.com.au
1711,pnap.net
1712,premierleague.com
1713,elmundo.es
1714,ip-api.com
1715,foxbusiness.com
1716,delta.com
1717,aarp.org
1718,dol.gov
1719,gamer.com.tw
1720,macys.com
1721,howtogeek.com
1722,fbi.gov
1723,chegg.com
1724,dbankcloud.cn
1725,imf.org
1726,mcmod.cn
1727,welt.de
1728,mcafee-cloud.com
1729,hepsiburada.com
1731,miibeian.gov.cn
1732,llnwd.net
1733,over-blog.com
1734,onlinesbi.com
1735,ancestry.com
1736,sketchfab.com
1737,ntli.net
1738,rs6.net
1739,thenai.org
1740,mercari.com
1741,pinterest.co.uk
1742,ssacdn.com
1743,kde.org
1744,theporndude.com
1745,docusign.com
1746,medscape.com
1747,dynamics.com
1748,ico.org.uk
1749,possessionaddictedflight.com
1750,mookie1.com
1751,dynatrace.com
1752,zynga.com
1753,awmdm.com
1754,flashtalking.com
1755,turkiye.gov.tr
1756,ihg.com
1757,duosecurity.com
1758,makeuseof.com
1759,ctmail.com
1760,ezvizlife.com
1761,strava.com
1762,malwarebytes.com
1763,fastlylb.net
1764,dropcatch.com
1765,home.pl
1766,bostonglobe.com
1767,mozilla.net
1768,moneycontrol.com
1769,dmoz.org
1770,simpli.fi
1771,apdcdn.com
1772,yolasite.com
1773,atdmt.com
1774,hostedrmm.com
1775,nianticlabs.com
1776,wikidot.com
1777,meizu.com
1778,cancer.org
1779,hqporner.com
1780,brookings.edu
1781,xueqiu.com
1782,consumerreports.org
1783,limitationvolleyballdejected.com
1784,afilias-nst.org
1785,ahrefs.com
1786,uptodown.com
1787,micpn.com
1788,rumble.com
1789,anydesk.com
1790,thomsonreuters.com
1791,teachable.com
1792,discord.media
1793,magybu.net
1794,smugmug.com
1795,tdnsv5.com
1796,algolia.net
1797,salon.com
1798,ow.ly
1799,idnes.cz
1800,shawcable.net
1801,ecosia.org
1802,philips.com
1803,typekit.com
1804,blackboard.com
1805,cbsivideo.com
1806,fifa.com
1807,one.com
1808,wshifen.com
1809,adtelligent.com
1810,nordvpn.com
1811,flightradar24.com
1812,edx.org
1813,nfl.com
1814,aliyundrive.com
1815,twilio.com
1816,hatenablog.com
1817,news18.com
1818,gutenberg.org
1819,unrulymedia.com
1820,fostereminent.com
1821,theregister.com
1822,vanityfair.com
1823,freecodecamp.org
1824,heart.org
1825,spatterjointposition.com
1826,lifewire.com
1827,missav.com
1828,sendgrid.net
1829,sendbird.com
1830,msftauth.net
1831,prweb.com
1832,tsinghua.edu.cn
1833,com.com
1834,bitdefender.com
1835,w55c.net
1836,caixa.gov.br
1837,myfitnesspal.com
1838,custhelp.com
1839,spot.im
1840,lg.com
1841,qwilt.com
1842,zend.com
1843,miro.com
1844,stickyadstv.com
1845,svc.ms
1846,zxxk.com
1847,perl.org
1848,mangaraw.co
1849,ncsu.edu
1850,serveriai.lt
1851,streamlabs.com
1852,parklogic.com
1853,cdnbuild.net
1854,livechatinc.com
1855,discovery.com
1856,arubanetworks.com
1857,wustl.edu
1858,firebaseio.com
1859,jimdofree.com
1860,pixnet.net
1861,bt.co
1862,lonelyplanet.com
1863,deadline.com
1864,magonet.ru
1865,lichess.org
1866,zara.com
1867,faqs.org
1868,getgo.com
1869,mapbox.com
1870,yuque.com
1871,ethz.ch
1872,netlify.app
1873,stabletransit.com
1874,letsencrypt.org
1875,pusher.com
1876,kp.ru
1877,ns.ua
1878,inmobi.com
1879,ns.ml
1880,mil.ru
1881,broadcom.com
1882,dlsite.com
1883,braintree-api.com
1884,loom.com
1885,fbsbx.com
1886,sensic.net
1887,taleo.net
1888,is.gd
1889,pchome.com.tw
1890,allrecipes.com
1891,thestar.com
1892,akasripcn.net
1893,verizon.net
1894,klarna.net
1895,opensource.org
1896,ycombinator.com
1897,pikabu.ru
1898,ctrip.com
1899,biligame.com
1900,awsdns-63.co.uk
1901,worldometers.info
1902,axios.com
1903,ed2.host
1904,voanews.com
1905,git-scm.com
1906,cuny.edu
1907,adweek.com
1908,ed.ac.uk
1909,miwifi.com
1910,intercom.io
1911,paypal.me
1912,tvinteractive.tv
1913,rfc-editor.org
1914,ucsb.edu
1915,wargaming.net
1916,awsdns-52.com
1917,coreservers.uk
1918,awsdns-29.co.uk
1919,bodis.com
1920,mastercard.com
1921,rockstargames.com
1922,yximgs.com
1923,acronis.com
1924,slickdeals.net
1925,cell.com
1926,thisvid.com
1927,yandex.com.tr
1929,gatech.edu
1930,segment.io
1931,thawte.com
1932,ustream.tv
1933,dafont.com
1934,sba.gov
1935,cachenow.net
1936,codecanyon.net
1937,spamcop.net
1938,adrta.com
1939,brightcove.com
1940,thenextweb.com
1941,leetcode.com
1942,tianyancha.com
1943,vt.edu
1944,sfmc-marketing.com
1945,undp.org
1946,foodnetwork.com
1947,billboard.com
1948,wowhead.com
1949,hubspot.net
1950,webflow.com
1951,vogue.com
1952,wordreference.com
1953,cosmopolitan.com
1954,msecnd.net
1955,patch.com
1956,hosteurope.de
1957,tass.ru
1958,france24.com
1959,iop.org
1960,td.com
1961,qiniudns.com
1962,asahi.com
1963,w.org
1964,marketingcloudops.com
1965,schneier.com
1966,cdn13.com
1967,acfun.cn
1968,awsdns-55.co.uk
1969,boredpanda.com
1970,xboxlive.com
1971,gfycat.com
1972,jable.tv
1974,publicstuff.com
1975,hover.com
1976,discover.com
1977,samsungknox.com
1978,awsdns-19.net
1979,g.co
1980,remotepc.com
1981,wswebcdn.com
1982,redgifs.com
1983,digital.com
1984,chartbeat.net
1985,awsdns-56.co.uk
1986,lnkd.in
1987,pavietnam.vn
1988,pcworld.com
1989,spectrum.com
1990,blog.google
1991,awsdns-39.co.uk
1992,orcid.org
1993,narod.ru
1994,pku.edu.cn
1995,domru.ru
1996,cookiedatabase.org
1997,walgreens.com
1998,shopee.ph
1999,pitt.edu
2000,aruba.it
2001,tufts.edu
2002,tplinkcloud.com
2003,kgslb.com
2004,thehindu.com
2005,ahacdn.me
2006,deepintent.com
2007,fotostrana.ru
2008,b2clogin.com
2009,detik.com
2010,vivo.com.cn
2011,2345.com
2012,vrbo.com
2013,progressive.com
2014,seattletimes.com
2015,tokyomotion.net
2016,sputniknews.com
2017,cancer.gov
2018,bleacherreport.com
2019,4wps.net
2020,wondershare.com
2021,page.link
2023,uscis.gov
2024,mncdn.com
2025,novell.com
2026,wp.me
2027,skimresources.com
2028,newegg.com
2029,postbank.de
2030,awsdns-36.co.uk
2031,4shared.com
2032,greasyfork.org
2033,nyaa.si
2034,wswebpic.com
2035,cpan.org
2036,500px.com
2037,cc-ecdn.net
2038,aeroflot.ru
2039,attwifi.com
2040,frontier.com
2041,spb.ru
2042,ask.com
2043,ipredictive.com
2044,starbucks.com
2045,made-in-china.com
2046,51job.com
2047,icio.us
2048,ptt.cc
2049,agslauncher.com
2050,jpost.com
2051,irishtimes.com
2052,awsdns-06.net
2053,yumpu.com
2054,yahoo.net
2055,your-server.de
2056,indiana.edu
2057,mercurynews.com
2058,videolan.org
2059,qtlcdn.com
2060,king.com
2061,yhdmp.cc
2062,mathworks.com
2063,ubereats.com
2064,ucoz.net
2065,globalnews.ca
2066,screenrant.com
2067,eventbrite.co.uk
2068,klarna.com
2069,rediff.com
2070,aliyunddos1026.com
2071,dnsv.jp
2072,surbl.org
2073,youjizz.com
2074,timeout.com
2075,eurekalert.org
2076,honeywell.com
2077,bhphotovideo.com
2078,smartsheet.com
2079,hospedagemdesites.ws
2080,coe.int
2081,flic.kr
2082,contentsquare.net
2083,ctvnews.ca
2084,themegrill.com
2085,rkdms.com
2086,supjav.com
2087,awsdns-09.co.uk
2088,awsdns-52.net
2089,faa.gov
2090,walkme.com
2091,greenpeace.org
2092,msauth.net
2093,netgear.com
2094,dyn.com
2095,tesla.services
2096,myteksi.net
2097,nr-ops.net
2098,technoratimedia.com
2099,biglobe.ne.jp
2100,afreecatv.com
2101,githubusercontent.com
2102,4channel.org
2103,ilo.org
2104,tribalfusion.com
2106,awsdns-37.org
2107,algolianet.com
2108,qoo10.sg
2109,japanpost.jp
2110,experian.com
2111,esquire.com
2112,datadome.co
2113,ringcentral.com
2114,awsdns-13.co.uk
2115,ap.org
2116,mpg.de
2117,awsdns-41.co.uk
2118,colorlib.com
2119,awsdns-25.co.uk
2120,accor.com
2121,urldefense.com
2122,goodhousekeeping.com
2123,easy4ipcloud.com
2124,usgovcloudapp.net
2125,nordstrom.com
2126,dbs.com.sg
2127,highwebmedia.com
2128,innovid.com
2129,zapier.com
2130,haxx.se
2131,runnet.ru
2132,plala.or.jp
2133,hawaii.edu
2134,awsdns-43.co.uk
2135,inven.co.kr
2136,pananames.com
2137,rarbg.to
2138,wikiwiki.jp
2139,cygwin.com
2140,symcb.com
2141,awsdns-59.co.uk
2142,collegeboard.org
2143,breitbart.com
2144,staticflickr.com
2145,alikunlun.net
2146,tenor.com
2147,serving-sys.com
2148,nodejs.org
2149,tradedoubler.com
2150,globalsign.com
2151,creditkarma.com
2152,fema.gov
2153,naukri.com
2154,standard.co.uk
2155,shutterfly.com
2156,nerdwallet.com
2157,boyfriendtv.com
2158,liveinternet.ru
2159,rusprofile.ru
2160,omofun.tv
2161,ruliweb.com
2162,asurascans.com
2164,zhaopin.com
2165,olx.ua
2166,panasonic.com
2167,ettoday.net
2168,olx.pl
2169,knowyourmeme.com
2170,itv.com
2171,similarweb.com
2172,segment.com
2173,awsdns-12.net
2174,hotmart.com
2175,quantcount.com
2176,bttrack.com
2177,asana.biz
2178,india.com
2179,monday.com
2180,computerworld.com
2181,visa.com
2182,webempresa.eu
2183,equifax.com
2184,sovcombank.ru
2185,unrealengine.com
2186,odoo.com
2187,pconline.com.cn
2188,adobejanus.com
2189,gpcloudservice.com
2190,msi.com
2191,crazyegg.com
2192,nutaku.net
2193,answers.com
2194,zhipin.com
2195,msnbc.com
2196,huijiwiki.com
2197,netsuite.com
2198,brightcove.net
2200,etherscan.io
2201,snopes.com
2202,rian.ru
2203,chinatelecomglobal.com
2204,rackspace-cloud.com
2205,awsdns-56.org
2206,elle.com
2207,windowsazure.com
2208,space.com
2209,vanderbilt.edu
2210,sl.pt
2211,ettdnsv.com
2212,codegrepper.com
2213,origin.com
2214,cvent.com
2215,oxfordjournals.org
2216,anypointdns.net
2217,so-net.ne.jp
2218,thepiratebay.org
2219,pinduoduo.com
2220,1377x.to
2221,steamstatic.com
2222,softpedia.com
2223,hubpages.com
2224,awsdns-30.co.uk
2225,miniclippt.com
2226,bcvcdn.com
2227,avcdn.net
2228,univie.ac.at
2229,awsdns-02.co.uk
2230,bt.com
2231,virginia.gov
2232,verywellmind.com
2233,zeit.de
2234,udel.edu
2235,toyota.com
2236,united.com
2237,lilithgame.com
2238,blackspider.com
2239,pima.edu
2240,basecamp.com
2241,caltech.edu
2243,businessweek.com
2244,awsdns-10.net
2245,logicnow.us
2246,footprintdns.com
2247,cmd.su
2248,nielsen.com
2249,uiowa.edu
2250,crengate.com
2251,robinhood.com
2252,buzzfeednews.com
2253,unsw.edu.au
2254,bongacams.com
2255,ostrovok.ru
2256,waze.com
2257,vecteezy.com
2258,lxdns.com
2259,boeing.com
2260,spreaker.com
2262,tealiumiq.com
2263,redbull.com
2264,onesignal.com
2265,zappos.com
2266,windy.com
2267,emojipedia.org
2268,ripe.net
2269,unl.edu
2270,eamk.pro
2271,scdn.co
2272,found.io
2273,awsdns-04.net
2274,blackberry.com
2275,ioam.de
2276,chinatax.gov.cn
2277,kargo.com
2278,ccc.de
2279,nexusmods.com
2280,cia.gov
2281,techrepublic.com
2282,uscourts.gov
2283,samplicio.us
2284,flightaware.com
2285,badoo.com
2286,gtei.net
2287,cern.ch
2288,bustle.com
2289,dns.eu
2290,prestashop.com
2291,dnscloudflare.net
2292,alphonso.tv
2293,hrw.org
2294,a2hosting.com
2295,unam.mx
2296,findlaw.com
2297,sfmc-content.com
2298,cbssports.com
2299,polygon.com
2300,byteoversea.com
2301,brown.edu
2302,jut.su
2303,qcloud.com
2304,gopro.com
2305,clinicaltrials.gov
2306,databricks.com
2307,deutsche-bank.de
2308,flurry.com
2309,sonobi.com
2310,youronlinechoices.eu
2311,southwest.com
2312,dxc.com
2313,hotmail.com
2314,miamiherald.com
2315,5ch.net
2316,jivox.com
2317,osha.gov
2318,tp-link.com
2319,tdnsstic1.cn
2320,skyrock.net
2321,thebalance.com
2322,ryanair.com
2323,awsdns-48.co.uk
2324,manitu.de
2325,jw.org
2326,hopkinsmedicine.org
2327,lkqd.net
2328,bt.net
2329,awsdns-01.co.uk
2330,informer.com
2331,focus.de
2332,washingtontimes.com
2333,amap.com
2334,nalog.ru
2335,zopim.com
2336,stitcher.com
2337,streamtheworld.com
2338,liquipedia.net
2339,macrumors.com
2340,buffer.com
2341,joinhoney.com
2342,gmx.net
2343,n-able.com
2344,elastic.co
2345,myfreecams.com
2346,oregonstate.edu
2347,arca.live
2348,rbx.com
2349,nobelprize.org
2350,xero.com
2351,sv.com
2352,rsc.org
2353,proton.me
2354,japantimes.co.jp
2355,mhlw.go.jp
2356,onenote.net
2357,wickr.com
2358,kontur.ru
2359,gamewith.jp
2360,tapjoy.com
2361,pippio.com
2362,dytt8.net
2363,tivo.com
2364,sinaimg.cn
2365,openldap.org
2366,icourse163.org
2367,awsdns-05.co.uk
2368,mcgill.ca
2369,careem-engineering.com
2370,sfu.ca
2371,gamestop.com
2372,sportskeeda.com
2373,hindawi.com
2374,bol.com
2375,pndsn.com
2376,gong.io
2377,servers.com
2378,upornia.com
2379,g2afse.com
2380,pb.com
2381,streamable.com
2382,alibaba-inc.com
2383,lazada.co.th
2384,ipcc.ch
2385,bankrate.com
2386,activehosted.com
2387,avg.com
2388,isnssdk.com
2389,worldcat.org
2390,unpkg.com
2391,dyntrk.com
2392,hoyoverse.com
2393,coindesk.com
2394,ucsf.edu
2395,ibtimes.com
2396,reference.com
2397,1drv.ms
2398,azuregov-dns.us
2399,intercom.com
2400,pbase.com
2401,edgecastcdn.net
2402,ew.com
2403,usf.edu
2404,motherless.com
2405,tomshardware.com
2406,centos.org
2407,tvtropes.org
2408,gazprombank.ru
2409,awsdns-20.co.uk
2410,kayak.com
2411,theknot.com
2412,awsdns-46.co.uk
2413,awsdns-10.co.uk
2414,wistia.com
2415,iherb.com
2416,sbis.ru
2417,shimo.im
2418,redcross.org
2419,web.de
2420,jwplayer.com
2421,rochester.edu
2422,mobilevikings.be
2423,wipo.int
2424,mummila.net
2425,iastate.edu
2426,trifle.net
2427,theregister.co.uk
2428,poki.com
2429,documentforce.com
2430,irctc.co.in
2431,dingtalk.com
2432,sc-static.net
2433,chartboost.com
2434,stuff.co.nz
2435,comodo.com
2436,skynet.be
2437,awsdns-18.co.uk
2438,depositphotos.com
2439,rapidgator.net
2440,mediavine.com
2441,gene.com
2442,cloudconvert.com
2443,ohchr.org
2444,mimecast.net
2445,awsdns-22.co.uk
2446,phpbb.com
2447,gwu.edu
2448,mfadsrvr.com
2449,coursehero.com
2450,list-manage1.com
2451,ansa.it
2452,isc.org
2453,oray.com
2454,tktube.com
2455,startribune.com
2456,freelancer.com
2457,hotnet.net.il
2458,tomsguide.com
2459,sprint.com
2460,uga.edu
2461,noonoo.tv
2462,js7k.com
2463,esa.int
2464,ovscdns.net
2465,nowcoder.com
2466,filimo.com
2467,pcgamer.com
2468,securityfocus.com
2469,caniuse.com
2470,clover.com
2471,trulia.com
2473,lse.ac.uk
2474,si.com
2475,curl.se
2476,ikarem.io
2477,wixstatic.com
2478,nightowldvr.com
2479,mac.com
2480,news.cn
2481,calameo.com
2482,straitstimes.com
2483,square.site
2484,tynt.com
2485,successfulpatience.com
2486,tawk.to
2487,ogury.io
2488,tiqcdn.com
2489,forticloud.com
2490,zoomonprem.com
2491,umass.edu
2492,gazeta.ru
2493,webflow.io
2494,fanfiction.net
2495,china.com.cn
2496,tap.az
2497,17track.net
2498,goal.com
2499,awsdns-04.co.uk
2500,wikisource.org
2501,ns.cf
2502,awsdns-03.co.uk
2503,fh-trier.de
2504,justdial.com
2505,xda-developers.com
2506,awsdns-29.net
2507,avira-vpn.com
2508,privacymanager.io
2509,metmuseum.org
2510,wsu.edu
2511,zhibo8.cc
2512,greenhouse.io
2513,awsdns-18.net
2514,gracenote.com
2515,aka.ms
2516,tvsquared.com
2517,weiyun.com
2518,amazonalexa.com
2519,pornhubpremium.com
2520,adblockplus.org
2521,myntra.com
2522,heise.de
2523,gtld.biz
2524,britishcouncil.org
2525,xhamster18.desi
2526,r01.ru
2527,fliphtml5.com
2528,1fichier.com
2529,cafe24.com
2530,churnzero.net
2531,duowanns.com
2532,tripadvisor.co.uk
2533,leboncoin.fr
2534,sina.cn
2535,sav.com
2536,dvr163.com
2537,kakaku.com
2538,video.az
2539,akbars.ru
2540,pearson.com
2541,imageshack.com
2542,libbyshelf.com
2543,rule34.xxx
2544,smi2.ru
2545,websupport.sk
2546,ovhcloud.com
2547,leetcode.cn
2548,pngtree.com
2549,atlasobscura.com
2550,scoop.it
2551,skysports.com
2552,adyen.com
2553,socdm.com
2554,wykop.pl
2555,toasttab.com
2556,nj.com
2557,epam.com
2558,libvio.me
2559,thespruce.com
2560,ezgif.com
2561,amagi.tv
2562,tinder.com
2563,nag.ru
2564,nab.com.au
2565,olympics.com
2566,eyeota.net
2567,colostate.edu
2568,callofduty.com
2569,moegirl.org.cn
2570,erome.com
2571,skwstat.ru
2572,itmedia.co.jp
2573,nifty.com
2574,awsdns-02.net
2575,bytedns1.com
2576,vatican.va
2577,dev.to
2578,homestead.com
2579,soap2day.to
2580,ml.com
2581,gimp.org
2582,sueddeutsche.de
2583,liveintent.com
2584,gog.com
2585,popsci.com
2586,ixxx.com
2587,ehow.com
2588,recaptcha.net
2589,garant.ru
2590,zerohedge.com
2591,wired.co.uk
2592,entirelysacrament.com
2593,theepochtimes.com
2594,clickfunnels.com
2595,foreignpolicy.com
2596,codecademy.com
2597,clarin.com
2598,hse.ru
2599,streamtape.com
2600,nazwa.pl
2601,ddrk.me
2602,etoro.com
2603,000webhostapp.com
2604,awsdns-21.co.uk
2605,nbc.com
2606,iubenda.com
2607,switch520.com
2608,elsevierhealth.com
2609,getethos.com
2610,skroutz.gr
2611,icims.com
2612,doorblog.jp
2613,akagtm.org
2614,mirconnect.ru
2615,denverpost.com
2616,shareasale.com
2618,merlincdn.net
2619,glance.net
2620,infomaniak.ch
2621,ti.com
2622,kotaku.com
2623,xkcd.com
2624,nocookie.net
2625,iloveimg.com
2626,cvs.com
2627,notion.site
2628,popsugar.com
2629,proquest.com
2630,justia.com
2631,kaspi.kz
2632,studentaid.gov
2633,dtln.ru
2634,sfdcfc.net
2635,af.mil
2636,drweb.com
2637,dallasnews.com
2638,dpreview.com
2639,allawnos.com
2640,note.com
2641,awsdns-47.org
2642,uptobox.com
2643,zoominfo.com
2644,pypi.org
2645,groupon.com
2647,zalo.me
2648,azcentral.com
2649,perl.com
2650,ziprecruiter.com
2651,qualys.com
2652,dnsnode.net
2653,pdfdrive.com
2654,business-standard.com
2655,eu.com
2656,lavanguardia.com
2657,ipsp.dev
2658,dns.jp
2659,gd.gov.cn
2660,wikibooks.org
2661,aaa.com
2662,hud.gov
2663,usbank.com
2664,awsdns-47.co.uk
2665,hexun.com
2666,evergage.com
2667,tinypic.com
2668,superuser.com
2669,abc.es
2670,utdallas.edu
2671,mtv.com
2672,ampproject.net
2673,hoster.ru
2674,irdeto.com
2675,mtu.ru
2676,uu.net
2677,ibaotu.com
2678,eonline.com
2679,lua.org
2680,bell-labs.com
2681,screenconnect.com
2682,awsdns-08.co.uk
2683,popularmechanics.com
2684,awsdns-07.com
2685,ourworldindata.org
2686,adscale.de
2687,afraid.org
2688,awsdns-42.co.uk
2689,uwaterloo.ca
2690,statefarm.org
2691,geoedge.be
2692,ovh.com
2693,guancha.cn
2694,vanguard.com
2695,csmonitor.com
2696,skyscanner.net
2697,zoro.to
2698,loopia.se
2699,mundodeportivo.com
2700,icndns.net
2701,semasio.net
2702,www.gov.br
2703,a-mo.net
2704,justwatch.com
2705,eater.com
2706,vonedge.com
2707,uoregon.edu
2708,nbcsports.com
2709,wpastra.com
2710,ge.com
2711,generatepress.com
2712,sbrf.ru
2713,51cto.com
2714,arduino.cc
2715,indiatoday.in
2716,spotify.net
2717,apkpure.com
2718,barrons.com
2719,zdnscloud.com
2720,f5silverline.com
2721,blogspot.ca
2722,eurodns.com
2723,uninet.net.mx
2724,reverbnation.com
2725,gm.com
2726,oraclecloud.net
2727,r7ops.com
2728,webtoons.com
2730,udacity.com
2731,awsdns-12.org
2732,registry.in
2733,u-tokyo.ac.jp
2734,verywellhealth.com
2735,springserve.com
2736,uefa.com
2737,2gis.ru
2738,cymru.com
2739,internetdownloadmanager.com
2740,ispot.tv
2741,amnesty.org
2742,man7.org
2743,localytics.com
2744,bitchute.com
2745,hbs.edu
2746,diigo.com
2747,lenovomm.com
2748,spectrum.net
2749,awsdns-33.co.uk
2750,directcpmrev.com
2751,ultradns.biz
2752,siteground.com
2753,intentiq.com
2754,like.video
2755,mediawiki.org
2756,searchenginejournal.com
2757,evotor.ru
2758,netdna-cdn.com
2759,fmovies.to
2760,searchengineland.com
2761,awsdns-23.net
2762,ct.gov
2763,openoffice.org
2764,awsdns-45.co.uk
2765,nzherald.co.nz
2766,ventraip.net.au
2767,monster.com
2769,pornzog.com
2770,edgecast.com
2771,srvtrck.com
2772,cbr.ru
2773,athemes.com
2774,glovoapp.com
2775,pscp.tv
2776,sophosupd.com
2777,fireeyecloud.com
2778,rutube.ru
2779,qpic.cn
2780,58pic.com
2781,mturk.com
2782,dji.com
2783,openai.com
2784,lnk.to
2785,mydrivers.com
2786,fsu.edu
2787,yp.to
2788,synology.com
2789,awsdns-09.com
2790,awsdns-33.net
2791,zenon.net
2792,wps.com
2793,loopme.me
2794,unoadsrv.com
2796,eum-appdynamics.com
2797,volcfcdndvs.com
2798,rosminzdrav.ru
2799,awsdns-17.co.uk
2800,lgtvcommon.com
2801,pushwoosh.com
2802,tabelog.com
2803,sketchup.com
2804,awsdns-14.net
2805,appdynamics.com
2806,byu.edu
2807,livemint.com
2808,ctdcdn.com
2809,wireshark.org
2811,treehugger.com
2812,clicktripz.com
2813,awsdns-04.org
2814,attens.com
2815,pushy.io
2816,defense.gov
2817,adlightning.com
2818,easydns.com
2819,continuousformula.com
2820,geico.com
2821,awsdns-11.org
2822,bigo.sg
2823,anu.edu.au
2824,filesusr.com
2825,adgrx.com
2826,quantcast.com
2827,nu.nl
2828,abebooks.com
2829,thestreet.com
2830,fanduel.com
2831,bilibili.tv
2832,fujitsu.com
2833,zcool.com.cn
2834,sharethis.com
2836,bitmoji.com
2837,razorpay.com
2838,awsdns-62.co.uk
2839,gap.com
2840,mindbox.ru
2841,mynavi.jp
2842,hostpoint.ch
2843,skillshare.com
2844,sjtu.edu.cn
2845,uribl.com
2846,timesofisrael.com
2847,legacy.com
2848,plex.direct
2849,awsdns-34.co.uk
2850,lycos.com
2851,grammarlyaws.com
2852,surriel.com
2853,mercadolibre.com
2854,tunein.com
2855,huffingtonpost.co.uk
2856,upi.com
2857,surfshark.com
2858,pardot.com
2859,xserver.jp
2860,msap.io
2861,vkuseraudio.net
2862,pa.gov
2863,spdydns.com
2864,hurriyet.com.tr
2865,166.com
2866,rtbrvdirect.com
2867,macomnet.ru
2868,inquirer.com
2869,farfetch.com
2870,umeng.com
2871,rttv.ru
2872,flipsnack.com
2873,uq.edu.au
2874,channel4.com
2875,dynadot.com
2876,yutex.ru
2877,singular.net
2878,evidon.com
2879,gmu.edu
2880,talend.com
2881,chartbeat.com
2882,baishan-cloud.net
2883,penguinrandomhouse.com
2884,rice.edu
2885,ynet.co.il
2886,tidal.com
2887,warilyaggregation.com
2888,awsdns-38.co.uk
2889,awsdns-51.co.uk
2890,huaban.com
2891,oculus.com
2892,awsdns-37.co.uk
2893,awsdns-61.net
2894,javmix.tv
2896,pornpics.com
2897,usaa.com
2898,cedexis.com
2899,sxyprn.net
2900,navyfederal.org
2901,padlet.com
2902,itunes.com
2903,awsdns-35.co.uk
2904,ebscohost.com
2905,samsungosp.com
2906,awsdns-32.org
2907,smartthings.com
2908,msn.cn
2909,impress.co.jp
2910,carta.com
2911,tie.cl
2912,msdn.com
2913,fitgirl-repacks.site
2914,mentalfloss.com
2915,faz.net
2916,awsdns-20.net
2917,francetvinfo.fr
2918,adidas.com
2919,stg-myteksi.com
2920,awsdns-18.org
2921,pixlr.com
2922,awsdns-14.org
2923,awsdns-49.co.uk
2924,izatcloud.net
2925,uberinternal.com
2926,ohio.gov
2927,litres.ru
2928,everydayhealth.com
2929,mass.gov
2930,vg.no
2931,58.com
2932,qcc.com
2933,gazzetta.it
2935,dmm.com
2936,plex.tv
2938,unimelb.edu.au
2939,uidai.gov.in
2940,gos-gsp.io
2941,siteground.biz
2942,medtronic.com
2943,orf.at
2944,refinery29.com
2945,vivoglobal.com
2946,nicehash.com
2947,egnyte.com
2948,eia.gov
2949,cookpad.com
2950,betweendigital.com
2951,movetv.com
2952,inner-active.mobi
2953,bbtec.net
2954,awsdns-29.org
2955,yahoo.cloud
2956,liftoff.io
2957,usi.net
2958,tutsplus.com
2959,rightmove.co.uk
2960,blogspot.de
2961,chinanews.com
2962,nationalpost.com
2963,apple-cloudkit.com
2964,sap-ag.de
2965,1x001.com
2966,gamesradar.com
2967,gq.com
2968,iinet.net.au
2969,123rf.com
2970,aljazeera.net
2971,gotomeeting.com
2972,federalreserve.gov
2973,he.net
2974,omnitagjs.com
2975,home.blog
2976,csod.com
2977,xfantazy.com
2978,coub.com
2979,realestate.com.au
2980,bazaarvoice.com
2981,hvosting.ua
2982,huanqiu.com
2983,datto.com
2984,yotpo.com
2985,jio.com
2986,optnx.com
2987,sc-prod.net
2988,cdek.ru
2989,zeotap.com
2990,awsdns-06.co.uk
2991,observer.com
2992,livestrong.com
2993,campaign-archive.com
2994,go2cloud.org
2995,ksmobile.com
2996,federalregister.gov
2997,ib-ibi.com
2998,dnb.com
2999,in.gov
3000,travelandleisure.com
3001,virustotal.com
3002,usp.br
3003,eroterest.net
3004,gpo.gov
3005,personio-internal.de
3006,opentable.com
3007,squid-cache.org
3008,menshealth.com
3009,ama-assn.org
3010,manganato.com
3011,rzd.ru
3012,awsdns-49.org
3013,concursolutions.com
3014,cms.gov
3015,medicinenet.com
3016,parkingcrew.net
3017,youm7.com
3018,overstock.com
3019,nhl.com
3020,razer.com
3021,newgrounds.com
3022,ja.net
3023,ss2.us
3024,ad.gt
3025,pornone.com
3026,atwola.com
3027,snaptube.app
3028,11st.co.kr
3029,teacherspayteachers.com
3030,dns.google
3031,uniqlo.com
3032,unhcr.org
3033,imgix.net
3034,microfocus.com
3035,awsdns-28.org
3036,boutell.com
3037,boutell.co.uk
3038,herokuspace.com
3039,paramountplus.com
3040,baltimoresun.com
3041,apple.co
3042,wwiops.io
3043,turbopages.org
3044,boingboing.net
3045,tagesschau.de
3046,zomato.com
3047,awsdns-41.net
3048,metlife.com
3049,oregonlive.com
3050,raspberrypi.org
3051,adentifi.com
3052,telenet.be
3053,adingo.jp
3054,cwi.nl
3055,parsely.com
3056,togetter.com
3057,tdameritrade.com
3058,buzzsprout.com
3059,zazzle.com
3060,britishairways.com
3061,ualberta.ca
3062,pch.com
3063,conferdeploy.net
3064,salesforce-sites.com
3065,awsdns-06.com
3066,owneriq.net
3067,noon.com
3068,novinky.cz
3069,189.cn
3070,bookdepository.com
3071,mercadolibre.com.ve
3072,archdaily.com
3073,jinritemai.com
3074,lanacion.com.ar
3075,kp.org
3076,purl.org
3077,lifehack.org
3078,awsdns-35.com
3079,awsdns-45.net
3080,oppomobile.com
3081,freep.com
3082,sendinblue.com
3083,vulture.com
3084,platitudezeal.com
3085,clickup.com
3086,lazada.com.my
3087,formstack.com
3088,box.net
3089,faphouse.com
3090,magento.com
3091,thrtle.com
3092,wampserver.com
3093,nd.edu
3094,flashscore.com
3095,awsdns-16.net
3096,acer.com
3097,foxsports.com
3098,adroll.com
3099,000webhost.com
3100,iu.edu
3101,rrv.ru
3102,awsdns-45.org
3103,thinkwithgoogle.com
3104,thinkific.com
3105,ximalaya.com
3106,directv.com
3107,aiv-delivery.net
3108,suntimes.com
3109,exness.com
3110,awsdns-52.co.uk
3111,knt9.xyz
3112,fivethirtyeight.com
3113,fraunhofer.de
3114,siemens.de
3115,grab.com
3116,rei.com
3117,sonos.com
3118,wish.com
3119,admanmedia.com
3120,chinatimes.com
3121,pacloudflare.com
3122,apksupply.com
3123,activision.com
3124,bridgeapp.com
3125,btloader.com
3126,awsdns-11.co.uk
3127,plaid.com
3128,epfindia.gov.in
3129,abc.com
3130,gigaset-elements.com
3131,ada.support
3132,tiny.cc
3133,bfmio.com
3134,xincache.com
3135,awsdns-44.co.uk
3136,makemytrip.com
3137,marthastewart.com
3138,scopely.io
3139,msappproxy.net
3140,20minutos.es
3142,awsdns-57.net
3143,tubemogul.com
3144,formula1.com
3145,lectortmo.com
3147,gitbook.io
3148,filezilla-project.org
3149,kugou.com
3150,awsdns-47.net
3151,n-tv.de
3152,lexisnexis.com
3153,awsdns-00.net
3154,mcdonalds.com
3155,theage.com.au
3156,successfactors.com
3157,insightexpressai.com
3158,tamin.ir
3159,kooora.com
3160,tubitv.com
3161,justgiving.com
3162,telekom.de
3163,letterboxd.com
3164,ahajournals.org
3165,redditmedia.com
3166,akahost.net
3167,metacritic.com
3168,awsdns-28.co.uk
3169,michigan.gov
3170,domaintools.com
3171,iso.ch
3172,bbci.co.uk
3173,habr.com
3174,marketo.com
3175,simplecloud.ru
3176,akamai.com
3177,dianping.com
3178,aetna.com
3179,awsdns-23.co.uk
3180,viator.com
3181,mcusercontent.com
3182,bac.com
3183,vseinstrumenti.ru
3184,lazada.com.ph
3185,awsdns-14.co.uk
3186,itau.com.br
3187,gccdn.net
3188,awsdns-39.net
3189,zlib.net
3190,nic.io
3191,sephora.com
3192,connatix.com
3193,akstat.io
3194,easybrain.com
3195,pnc.com
3196,xuexi.cn
3197,techsmith.com
3198,dynamicyield.com
3199,adzerk.net
3200,dropboxapi.com
3201,lever.co
3202,acsbapp.com
3203,usmagazine.com
3204,dartmouth.edu
3205,arin.net
3206,askubuntu.com
3207,elementor.com
3208,towardsdatascience.com
3209,ranker.com
3210,outbrainimg.com
3211,tubi.io
3212,bgdns.net
3213,awsdns-00.co.uk
3214,carfax.com
3215,delicious.com
3216,nate.com
3217,ajc.com
3218,adobedc.net
3219,xoom.com
3220,gslbjpmchase.com
3221,lsu.edu
3222,fapello.com
3223,awsdns-22.org
3224,pagesix.com
3225,sony.tv
3226,uic.edu
3227,vivox.com
3228,uh.edu
3229,pochta.ru
3230,gmw.cn
3231,goguardian.com
3232,awsdns-55.net
3233,poshmark.com
3234,game8.jp
3235,chosun.com
3236,doxygen.org
3237,patria.org.ve
3238,gyazo.com
3239,mobileiron.com
3240,360.com
3241,tmweb.ru
3242,harpersbazaar.com
3243,routledge.com
3244,awsdns-53.org
3245,dotvndns.vn
3246,unity3dusercontent.com
3247,firstvds.ru
3248,tenki.jp
3249,awsdns-43.com
3250,kremlin.ru
3251,cloudflareinsights.com
3252,slack-edge.com
3253,awsdns-03.net
3254,buffalo.edu
3255,wps.cn
3256,abb.com
3257,blender.org
3258,gazeta.pl
3259,laravel.com
3260,libpng.org
3261,sandiegouniontribune.com
3262,trontv.com
3263,jst.go.jp
3264,nap.edu
3265,bahn.de
3266,sport.es
3267,betfair.com
3268,ultipro.com
3269,proof-dns.com
3270,unfccc.int
3271,tradingeconomics.com
3272,wikiquote.org
3273,bybit.com
3274,awsdns-24.org
3275,eagleeyenetworks.com
3276,awsdns-15.com
3277,unep.org
3278,699pic.com
3279,dnsv5.com
3280,epik.com
3281,palmplaystore.com
3282,profi.ru
3283,lilly.com
3284,gifshow.com
3285,study.com
3286,1password.com
3287,statefarm.com
3288,kxcdn.com
3289,superawesome.tv
3290,rd.com
3291,ably.io
3292,awsdns-31.com
3293,croc.ru
3294,exoclick.com
3295,meganameservers.eu
3296,nsf.gov
3297,clarivate.com
3298,olympic.org
3299,oxu.az
3300,sozcu.com.tr
3301,awsdns-53.co.uk
3302,etc.uz
3303,manchester.ac.uk
3304,byrut.org
3305,awsdns-52.org
3306,china.com
3307,awsdns-27.org
3308,awsdns-21.net
3309,hardened-php.net
3310,scholastic.com
3311,howoverlapsuspicious.com
3312,infogram.com
3313,afternic.com
3314,libero.it
3315,ec-lyon.fr
3316,nber.org
3317,verizonwireless.com
3318,cedexis-test.com
3319,digitaloceanspaces.com
3320,pcre.org
3321,fozzy.com
3322,yle.fi
3323,sopoe.cn
3324,mktoresp.com
3325,benzinga.com
3326,piojm.tech
3327,churchofjesuschrist.org
3328,smashingmagazine.com
3329,chinanews.com.cn
3330,surfeasy.mobi
3331,elespanol.com
3333,akaquill.net
3334,bittorrent.com
3335,unilever.com
3336,wjx.cn
3337,googleoptimize.com
3338,eac-front.com
3339,awsdns-62.net
3340,overleaf.com
3341,webnode.com
3342,drugs.com
3344,wd2go.com
3345,awsdns-40.co.uk
3346,dmca.com
3347,memcached.org
3348,politico.eu
3349,awsdns-16.co.uk
3350,drive2.ru
3351,awsdns-26.org
3352,home.kpmg
3353,fourpetal.com
3354,uky.edu
3355,gzip.org
3356,fullstory.com
3357,juejin.cn
3358,qatarairways.com
3359,morningstar.com
3360,sznews.com
3361,bendibao.com
3362,beijing.gov.cn
3363,ministrybrands.com
3364,producthunt.com
3365,thebalancecareers.com
3366,kaiserpermanente.org
3367,axtel.net
3368,missouri.edu
3369,propublica.org
3370,kompas.com
3371,bk6bba-resources.com
3372,3m.com
3373,pressreader.com
3374,leroymerlin.ru
3375,emarketer.com
3376,msftstatic.com
3377,cylance.com
3378,rfi.fr
3379,opensooq.com
3380,cri.cn
3381,adage.com
3382,shazam.com
3384,zebra.com
3385,awsdns-19.org
3386,kaggle.com
3387,awsdns-12.co.uk
3388,self.com
3389,biography.com
3390,awsdns-22.net
3391,yandex.kz
3392,emirates.com
3393,attens.net
3394,pinterest.es
3395,cnr.it
3396,demandbase.com
3397,match.com
3398,zdf.de
3399,alamy.com
3400,uconn.edu
3401,wholefoodsmarket.com
3402,9to5mac.com
3403,imperial.ac.uk
3404,samsungiotcloud.com
3405,easebar.com
3406,chinanetcenter.com
3407,awsdns-36.net
3408,motherjones.com
3409,postmates.co
3410,itotolink.net
3411,washingtonexaminer.com
3412,independent.ie
3413,eclipse.org
3414,adotmob.com
3415,deltadna.net
3416,mongodb.net
3417,jnj.com
3418,dailystar.co.uk
3419,cnrs.fr
3420,iea.org
3421,awsdns-57.co.uk
3422,awsdns-08.net
3423,kissjav.li
3424,blogspot.com.es
3425,yomiuri.co.jp
3426,consensu.org
3427,kommersant.ru
3428,kucoin.com
3429,todoist.com
3430,second-ns.de
3431,appfolio.com
3432,sfchronicle.com
3433,respawn.com
3434,awsdns-53.com
3435,channelnewsasia.com
3436,cointelegraph.com
3437,namequery.com
3438,leparisien.fr
3439,awsdns-43.org
3440,nic.bj
3441,tidaltv.com
3442,canon.com
3443,dramacool.ee
3444,smadex.com
3445,gscontxt.net
3446,ko-fi.com
3447,moma.org
3448,awsdns-27.co.uk
3449,online-convert.com
3450,dhgate.com
3451,rostelecom.ru
3452,bumlam.com
3453,shrm.org
3454,cafepress.com
3455,abs-cbnip.tv
3456,examiner.com
3457,fextralife.com
3458,awsdns-09.net
3459,widezealconstant.com
3460,bluestacks.com
3461,onlamp.com
3462,cableone.net
3463,seek.com.au
3464,twnic.net.tw
3465,awsdns-46.com
3466,kahoot.it
3467,mlive.com
3468,apachelounge.com
3470,telmexla.net.co
3471,awsdns-34.com
3472,yektanet.com
3473,c212.net
3474,citilink.ru
3475,freetype.org
3476,javatpoint.com
3477,cloudflareresolve.com
3478,momoshop.com.tw
3479,getyourguide.com
3480,jiathis.com
3481,mo.gov
3482,uservoice.com
3483,sprinklr.com
3484,aylanetworks.com
3485,awsdns-15.co.uk
3486,dion.ne.jp
3487,awsdns-24.net
3488,wechat.com
3489,kijiji.ca
3490,awsdns-42.com
3491,xmlsoft.org
3492,fas.org
3493,aclu.org
3494,sbnation.com
3495,sprinthost.ru
3496,mydramalist.com
3497,hgtv.com
3498,turbo.az
3499,awsdns-02.org
3500,e621.net
3501,cybertrust.com
3502,cityheaven.net
3503,tedata.net
3504,mk.ru
3505,awsdns-50.co.uk
3506,spglobal.com
3507,awsdns-23.org
3508,aig.com
3509,cleveland.com
3510,emory.edu
3511,myroute53.com
3513,ucsc.edu
3514,awsdns-28.net
3515,fastcgi.com
3516,nme.com
3517,utah.gov
3518,postimg.cc
3519,revcontent.com
3520,brightspace.com
3521,sage.com
3522,more.tv
3523,bscscan.com
3524,aniview.com
3525,successfactors.eu
3526,westernunion.com
3527,awsdns-61.co.uk
3528,awsdns-38.net
3529,matomo.org
3530,apartments.com
3531,lulu.com
3532,51.la
3533,webdav.org
3534,sh.gov.cn
3535,datazoom.io
3536,awsdns-58.org
3537,urbanairship.com
3538,huffpo.net
3539,aps.org
3540,gtmetrix.com
3541,wnacloud.com
3542,hsbc.com
3543,awsdns-13.net
3544,digitaljournal.com
3545,aj1907.online
3546,cuevana3.me
3547,legislation.gov.uk
3548,awsdns-55.org
3549,eshkol.io
3550,sureserver.com
3551,kaltura.com
3552,nos.nl
3553,opera.technology
3554,azure.net
3555,collinsdictionary.com
3556,post-gazette.com
3557,paytm.com
3558,g2.com
3559,wayport.net
3560,awsdns-09.org
3561,bitrix.info
3562,my.games
3563,enlightenment.org
3564,dd.net
3565,awsdns-41.com
3566,taobaoweb.co
3567,honda.com
3568,awsdns-44.net
3569,womenshealthmag.com
3570,thebrighttag.com
3571,value-domain.com
3572,awsdns-17.org
3573,peatix.com
3574,stockx.com
3575,modsecurity.org
3576,embarkvet.com
3577,awsdns-49.com
3578,alltrails.com
3579,liquidweb.com
3580,maryland.gov
3581,s-onetag.com
3582,7mmtv.tv
3583,monash.edu
3584,polyfill.io
3585,quovo.com
3586,inleed.net
3587,finn.no
3588,govdelivery.com
3589,permutive.com
3590,military.com
3591,coloros.com
3592,rtve.es
3593,privacy-mgmt.com
3594,betrad.com
3595,tutu.ru
3596,baywheels.com
3597,haaretz.com
3598,oath.com
3599,bcg.com
3600,edmunds.com
3601,awsdns-50.org
3602,cian.ru
3603,datapipe.net
3604,cbs.com
3605,louisvuitton.com
3606,pinterest.fr
3607,awsdns-27.com
3608,hetzner.com
3610,awsdns-40.net
3611,rsasecurity.com
3612,lgyy.cc
3613,9anime.vc
3614,sapsf.com
3615,vapp-servers.com
3616,pubmnet.com
3617,acast.com
3618,newsmax.com
3619,tdnsdl1.cn
3620,ocn.ne.jp
3621,editorialmanager.com
3622,hola.org
3623,royalbank.com
3624,vine.co
3625,awsdns-61.org
3626,bamboohr.com
3627,fazenda.gov.br
3628,awsdns-15.net
3629,microsoftazuread-sso.com
3630,iwara.tv
3631,chromium.org
3632,brainyquote.com
3633,mobile.de
3634,tn.gov
3635,blogspot.fr
3636,ithome.com
3637,serverwatch.com
3638,postrelease.com
3639,1tv.ru
3640,jooble.org
3641,gsu.edu
3642,uu.nl
3643,zdassets.com
3644,boxofficemojo.com
3645,ucr.edu
3646,gab.com
3647,ouest-france.fr
3648,adhigh.net
3649,freewebs.com
3650,sbs.com.au
3651,aboutamazon.com
3652,eloqua.com
3653,counterpane.com
3654,syf.com
3655,mojohost.com
3656,emalls.ir
3657,yourdictionary.com
3658,etrade.com
3659,sleepycat.com
3660,irondns.net
3661,documentcloud.org
3662,px-cloud.net
3663,tacdn.com
3664,daraz.pk
3665,neea.edu.cn
3666,sedoparking.com
3667,javhdporn.net
3668,nationalreview.com
3669,theintercept.com
3670,linecorp.com
3671,clarityvoice.net
3672,pantheonsite.io
3673,fox.com
3674,acuityplatform.com
3675,emc.com
3676,redditstatic.com
3677,awsdns-32.net
3678,wanfangdata.com.cn
3679,jb51.net
3680,awsdns-48.org
3681,gotporn.com
3682,exblog.jp
3683,gamerant.com
3684,attdns.net
3685,heytapmobile.com
3686,imagefap.com
3687,arrival.com
3688,psychcentral.com
3689,vietel.com.vn
3690,awsdns-48.net
3691,ashemaletube.com
3692,quark.cn
3693,ltn.com.tw
3694,doodle.com
3695,tuyaus.com
3696,toptal.com
3697,wakelet.com
3698,ukr.net
3699,mangakakalot.com
3700,mheducation.com
3701,aif.ru
3702,msu.ru
3703,royalsocietypublishing.org
3704,sciencealert.com
3705,po-kaki-to.com
3706,trusona.net
3707,ngabbs.com
3708,gla.ac.uk
3709,sarkariresult.com
3710,symcd.com
3711,virtualbox.org
3712,awsdns-59.org
3713,ijg.org
3714,appboy.com
3715,cikrf.ru
3716,aftonbladet.se
3717,ad-delivery.net
3718,socialblade.com
3719,awsdns-56.net
3720,bankmellat.ir
3721,avgle.com
3722,byjus.com
3723,paddypower.com
3724,gnome.org
3725,foresee.com
3726,awsdns-01.com
3727,apnic.net
3728,example.org
3729,news24.com
3730,bytedance.com
3731,kemdikbud.go.id
3732,cdngc.net
3733,wolfram.com
3734,centrastage.net
3735,uadns.com
3736,scotsman.com
3737,caranddriver.com
3738,tapclap.com
3739,awin1.com
3740,active.com
3741,awsdns-42.net
3742,powerofferz.com
3743,humblebundle.com
3744,perfectgirls.net
3745,1gb.ru
3746,tlivecdn.com
3747,myvidster.com
3748,cardinalcommerce.com
3749,spbtv.com
3750,chewy.com
3751,trip.com
3752,venmo.com
3753,awsdns-42.org
3754,thaudray.com
3755,site123.me
3756,certum.pl
3757,haberturk.com
3758,bdimg.com
3759,tianya.cn
3760,the-sun.com
3761,kochava.com
3762,awsdns-37.net
3763,wassenaar.org
3764,nheos.com
3765,woot.com
3766,hihonor.com
3767,leeds.ac.uk
3768,wikiwand.com
3769,sec-ns.de
3770,picsart.com
3771,cint.com
3772,ubs.com
3773,backblaze.com
3774,zju.edu.cn
3775,banvenez.com
3776,bitdefender.net
3777,index.hu
3778,ipvanish.com
3779,pitchfork.com
3780,pngwing.com
3781,strikingly.com
3782,bleepingcomputer.com
3783,rit.edu
3784,complex.com
3785,medrxiv.org
3786,btnull.re
3787,sdo.com
3788,awsdns-54.net
3789,hwg.org
3790,mynet.com
3791,lin.ee
3792,likee.video
3793,thrillist.com
3794,chime.aws
3795,dezeen.com
3796,tpnet.pl
3797,uw.edu
3798,quovadisglobal.com
3799,blogs.com
3800,awsdns-35.net
3801,jjwxc.net
3802,bloglovin.com
3803,imagetwist.com
3804,blackberry.net
3805,pinterest.de
3806,fortinet.com
3807,banggood.com
3808,xiumi.us
3809,surfsharkdns.com
3810,justpremium.com
3811,zoomdev.us
3812,createjs.com
3813,torproject.org
3814,kdocs.cn
3815,ccleaner.com
3816,miami.edu
3817,envato.market
3818,voflix.com
3819,oclc.org
3820,bitrix24.com
3821,logi.com
3822,eu.org
3823,pdflib.com
3824,crpt.ru
3825,sex.com
3826,clever.com
3827,alarabiya.net
3828,doj.gov
3829,moe.gov.cn
3830,jdadelivers.com
3831,nus.edu.sg
3832,familysearch.org
3833,wallhaven.cc
3834,acrobat.com
3835,samsungcloudcdn.com
3836,justpaste.it
3837,cntv.cn
3838,freetds.org
3839,domain.com
3840,cuhk.edu.hk
3841,xrea.com
3842,paychex.com
3843,kidshealth.org
3844,awsdns-26.co.uk
3845,kbb.com
3846,awsdns-54.co.uk
3847,au-msedge.net
3848,awsdns-01.net
3849,calculator.net
3850,ora.com
3851,isprog.com
3852,servenobid.com
3853,arcpublishing.com
3854,gmarket.co.kr
3855,heytapmobi.com
3856,samba.tv
3857,sproutsocial.com
3858,awsdns-34.org
3859,freshchat.com
3860,fanbox.cc
3861,salesforce-scrt.com
3862,multiscreensite.com
3863,reverb.com
3864,permutive.app
3865,infolinks.com
3866,stripe.network
3867,awsdns-16.com
3868,eluniversal.com.mx
3869,desjardins.com
3870,workplace.com
3871,awsdns-17.net
3872,theaustralian.com.au
3873,split.io
3874,tvccc.org
3875,xvideos-cdn.com
3876,lufthansa.com
3877,warwick.ac.uk
3878,apache-ssl.org
3879,rqmob.com
3880,awsdns-33.com
3881,samhsa.gov
3882,vdara.com
3883,indiewire.com
3884,myfonts.com
3885,snapkit.com
3886,eeroup.com
3887,thecut.com
3888,mi-img.com
3889,mailerlite.com
3890,oschina.net
3891,angel.co
3892,shopee.com.br
3893,homeadvisor.com
3894,adap.tv
3895,tesco.com
3896,alfabank.ru
3897,mendeley.com
3898,resetdigital.co
3899,narvar.com
3900,bhg.com
3901,awsdns-17.com
3902,technorati.com
3903,expressvpn.com
3904,awsdns-31.co.uk
3905,rand.org
3906,livedoor.biz
3907,rutarget.ru
3908,ionos.com
3909,dashlane.com
3910,qualcomm.com
3911,bfmtv.com
3912,cars.com
3913,webthing.com
3914,biorxiv.org
3915,anonfiles.com
3916,sportradar.com
3917,icbc.com.cn
3918,freebit.net
3919,awsdns-59.com
3920,awsdns-06.org
3921,sas.com
3922,awsdns-28.com
3923,sydney.edu.au
3924,sendpulse.com
3925,yangkeduo.com
3926,lmco.com
3927,clicksoftware.com
3928,transip.nl
3929,seagate.com
3930,chip.de
3931,zenlayer.net
3932,health.com
3933,specbench.org
3935,convertkit.com
3936,felenasoft.com
3937,milliyet.com.tr
3938,awsdns-48.com
3940,oneclickfeed.com
3941,clean.gg
3942,iplanet.com
3943,lothar.com
3944,chick-fil-a.com
3945,livescore.com
3946,vnn.vn
3947,nhtsa.gov
3948,olx.com.br
3949,syr.edu
3950,viglink.com
3951,goodoo.ru
3952,absher.sa
3953,awsdns-22.com
3954,spov-msedge.net
3955,nic.de
3956,realsimple.com
3957,smailru.net
3958,ebay.ca
3959,state.tx.us
3960,oregon.gov
3961,tampabay.com
3962,jav.guru
3963,system-monitor.com
3964,caliente.mx
3965,awsdns-20.org
3966,yellowpages.com
3967,alibabacorp.com
3968,ad.nl
3969,line.biz
3970,deliveryhero.com
3971,wandera.com
3972,unm.edu
3973,aa.com.tr
3974,cloudez.io
3975,utk.edu
3976,elconfidencial.com
3977,css-tricks.com
3978,ml314.com
3979,ons.gov.uk
3980,twitchcdn.net
3981,arcticwolf.net
3982,book4you.org
3983,theathletic.com
3984,awsdns-51.com
3985,on24.com
3986,cronolog.org
3987,ku.edu
3988,pinterest.com.au
3989,hotwire.com
3990,awsdns-50.net
3991,porsche.com
3992,awsdns-46.net
3993,jeuxvideo.com
3994,thespruceeats.com
3995,sjv.io
3996,manchestereveningnews.co.uk
3997,awsdns-24.com
3998,scene7.com
3999,nic.fr
4000,onelogin.com
4001,viki.com
4002,netlify.com
4003,btsow.bar
4004,mediago.io
4005,newatlas.com
4006,rqtrk.eu
4007,overdrive.com
4008,court.gov.cn
4009,awsdns-60.com
4010,gemius.pl
4011,newsnow.co.uk
4012,drudgereport.com
4013,thenation.com
4014,addthisedge.com
4015,awsdns-61.com
4016,de.net
4017,lloydsbank.co.uk
4018,ns1p.net
4019,cpta.com.cn
4020,cuddlethehyena.com
4021,livechat.com
4022,awsdns-03.org
4023,href.li
4024,timesonline.co.uk
4025,ngs.ru
4026,kuronekoyamato.co.jp
4027,capitaloneshopping.com
4028,golux.com
4029,awsdns-05.org
4030,watchguard.com
4031,brightcloud.com
4032,awsdns-60.org
4033,nielsendigital.net
4034,clemson.edu
4035,charter.com
4036,f95zone.to
4037,awsdns-58.co.uk
4038,priceline.com
4039,allmusic.com
4040,signal.org
4041,awsdns-39.com
4042,sacbee.com
4043,wshareit.com
4044,dood.pm
4045,awsdns-38.com
4046,health-connect.ch
4047,mediaset.it
4048,business2community.com
4049,yoast.com
4050,awsdns-13.com
4051,gingerall.com
4052,avon.com
4053,nj.gov
4054,myftpupload.com
4055,shopifykloud.com
4056,brinkpos.net
4057,musta.ch
4058,360doc.com
4059,apachetutor.org
4060,pp.ua
4061,hebeilaibang.com
4062,hku.hk
4063,dhl.de
4064,gulfnews.com
4065,awsdns-23.com
4066,wistia.net
4067,galleryvalery.com
4068,bedbathandbeyond.com
4069,2ch-c.net
4070,newsday.com
4071,colorado.gov
4072,temple.edu
4073,clickbank.net
4074,nairaland.com
4075,tele2.ru
4076,sci-hub.se
4077,codeplex.com
4078,workers.dev
4079,cnmsn.net
4080,discovermagazine.com
4081,mgmgrand.com
4082,ctfassets.net
4083,awsdns-45.com
4084,myvzw.com
4085,awsdns-05.net
4086,wurl.tv
4087,apachehaus.com
4088,bol.io
4089,rte.ie
4090,mql5.com
4091,awsdns-58.com
4092,vimeocdn.com
4093,opaque.net
4094,fws.gov
4095,ewt360.com
4096,al.com
4097,shopbop.com
4098,thermofisher.com
4099,storygize.net
4100,macworld.com
4101,ets.org
4102,steamdb.info
4103,zerocdn.com
4104,cbp.gov
4105,liebertpub.com
4106,wto.org
4107,ocregister.com
4108,yieldlab.net
4109,themoviedb.org
4110,august.com
4111,marvel.com
4112,scotiabank.com
4113,news-medical.net
4114,cigna.com
4115,ctnsnet.com
4116,thestar.com.my
4117,catchthemes.com
4118,guinnessworldrecords.com
4119,openleverancier.com
4120,nuance.com
4121,dedecms.com
4122,twitpic.com
4123,pfizer.com
4124,vzw.com
4125,awsapps.com
4126,rioseo.com
4127,netperf.org
4128,richaudience.com
4129,awsdns-26.net
4130,goethe.de
4131,adnxs-simple.com
4132,senderscore.com
4133,telekom.hu
4134,excite.co.jp
4135,second-ns.com
4136,geotrust.com
4137,mradx.net
4138,theme-fusion.com
4139,vuejs.org
4140,cio.com
4141,7-zip.org
4142,scopus.com
4143,americanbar.org
4144,awsdns-11.net
4145,playtika.com
4146,glamour.com
4147,liveperson.net
4148,nflximg.net
4149,awsdns-30.org
4150,encyclopedia.com
4151,nrk.no
4152,xs4all.nl
4153,supremecourt.gov
4154,appleinsider.com
4155,awsdns-04.com
4156,aibixby.com
4157,hsforms.com
4158,dns.tw
4159,odysee.com
4160,egihosting.com
4161,mobilegamestats.com
4162,theculturetrip.com
4163,python.ca
4164,fapster.xxx
4165,myflixer.to
4166,htcsense.com
4167,theplatform.com
4168,vidible.tv
4169,wordstream.com
4170,vidazoo.com
4171,theonion.com
4172,brealtime.com
4173,forrester.com
4174,workfront.com
4175,eurogamer.net
4176,capterra.com
4177,bartleby.com
4178,awsdns-19.com
4179,truecaller.com
4180,interfax.ru
4181,youradchoices.com
4182,visual.ly
4183,splunkdev.net
4184,adition.com
4185,dailykos.com
4186,ctadns.cn
4187,simply.com
4188,androidauthority.com
4189,pantip.com
4190,awsdns-34.net
4191,awsdns-40.com
4192,awsdns-10.com
4193,altavista.com
4194,windowsphone.com
4195,obsproject.com
4196,fti.net
4197,cnil.fr
4198,mariadb.org
4199,qodeinteractive.com
4201,awsdns-21.com
4202,fyber.com
4203,webcamrips.com
4204,awsdns-12.com
4205,meethue.com
4206,ebay.it
4207,imagemagick.com
4208,transfermarkt.com
4209,pandasecurity.com
4210,ultradns.org
4211,jimdosite.com
4212,takealot.com
4213,vzbi.com
4214,poste.it
4215,soap2day.ac
4216,simplisafe.com
4217,allstate.com
4218,ourwebcdn.com
4219,mango-office.ru
4220,instana.io
4221,acuityscheduling.com
4222,zoomgov.com
4223,clientgear.com
4224,chrome.com
4225,lu.se
4226,sharepointonline.com
4227,cedexis-radar.net
4228,piliapp.com
4229,dc-msedge.net
4230,awsdns-30.com
4231,cloudwaysapps.com
4232,awsdns-26.com
4233,goto.com
4234,tudelft.nl
4235,hyprmx.com
4236,azure-devices.net
4237,aviasales.ru
4238,anjuke.com
4239,lge.com
4240,ifixit.com
4241,thebalancesmb.com
4242,aappublications.org
4243,tci.ir
4244,aigaithojo.com
4245,vsco.co
4246,awsdns-51.org
4247,worldofwarcraft.com
4248,mindbodyonline.com
4249,cdbaby.com
4250,citrixworkspacesapi.net
4251,northeastern.edu
4252,payu.in
4253,intercomcdn.com
4254,kinedns.net
4255,cic.gc.ca
4256,demon.co.uk
4257,use-application-dns.net
4258,arte.tv
4259,huaweicloud.com
4260,wbur.org
4261,architecturaldigest.com
4262,codeproject.com
4263,t0x.net
4264,we.tl
4265,illinois.gov
4266,dailydot.com
4267,orlandosentinel.com
4268,instapaper.com
4269,securedvisit.com
4270,printercloud.com
4271,awsdns-16.org
4272,mercadolibre.com.co
4273,hanime.tv
4274,qnap.com
4275,u.gg
4276,forexfactory.com
4277,yorku.ca
4278,clickagy.com
4279,financialexpress.com
4280,knowbe4.com
4281,anrdoezrs.net
4282,icloud.com.cn
4283,cernet.net
4284,overwolf.com
4285,wizards.com
4286,statnews.com
4287,fastclick.net
4288,mulesoft.com
4289,mercedes-benz.com
4290,vfsglobal.com
4291,awsdns-08.com
4292,medicalxpress.com
4293,intgdc.com
4294,dropcam.com
4295,cognitivlabs.com
4296,edublogs.org
4297,splashthat.com
4298,game8.co
4299,safety.google
4300,thewrap.com
4301,easyjet.com
4302,awsdns-37.com
4303,yimg.jp
4304,awsdns-36.com
4305,aj2178.online
4306,dawn.com
4307,pangle.io
4308,cc.com
4309,getresponse.com
4310,wyndhamhotels.com
4311,us.org
4312,myportfolio.com
4313,cbr.com
4314,onaudience.com
4315,prnt.sc
4316,apachetoday.com
4317,awsdns-54.org
4318,awsdns-03.com
4319,idc.com
4320,pingdom.com
4321,awsdns-20.com
4322,gvt3.com
4323,mail.com
4324,discordapp.net
4325,ovo.id
4326,wwsga.me
4327,vultr.com
4328,sanofi-synthelabo.com
4329,goldmansachs.com
4330,aternos.org
4331,isappcloud.com
4332,spotim.market
4333,omegle.com
4334,tfl.gov.uk
4335,stlouisfed.org
4336,ucalgary.ca
4337,awsdns-07.net
4338,tdnsvod1.cn
4339,awsdns-41.org
4340,odnoklassniki.ru
4341,ezinearticles.com
4342,gigya.com
4343,poetryfoundation.org
4344,dominos.com
4345,yy.com
4346,comicbook.com
4347,autoblog.com
4348,emerald.com
4349,vjav.com
4350,hotjar.io
4351,wsdvs.info
4352,ecwid.com
4353,infomaniak.com
4354,groupme.com
4355,sun-sentinel.com
4356,telenor.dk
4357,jsonline.com
4358,aap.org
4359,office365.us
4360,91porn.com
4361,abril.com.br
4362,weightwatchers.com
4363,tvpixel.com
4364,prothomalo.com
4365,gawker.com
4366,storify.com
4367,angi.com
4368,unlv.edu
4369,vzwwo.com
4370,unicode.org
4371,awsdns-11.com
4372,awsdns-18.com
4373,real.com
4374,sat.gob.mx
4375,timeshighereducation.com
4376,sleepfoundation.org
4377,bethesda.net
4378,uvic.ca
4379,netflixstudios.com
4380,cntraveler.com
4381,apartmenttherapy.com
4382,ucf.edu
4383,marksandspencer.com
4384,pair.com
4385,donga.com
4386,careerbuilder.com
4387,gravitational.co
4388,dmxleo.com
4389,trpcdn.net
4390,snowflake.com
4391,tax.gov.ir
4392,awsdns-47.com
4393,wetter.com
4394,furaffinity.net
4395,javbus.com
4396,affirm.com
4397,neonova.net
4398,smartclip.net
4399,manhuagui.com
4400,hik-connect.com
4401,otzovik.com
4402,teslamotors.com
4403,bufferapp.com
4404,mx-ns.mx
4405,yammer.com
4406,onedrive.com
4407,buydomains.com
4408,splunk.com
4409,izbirkom.ru
4410,staples.com
4411,uio.no
4412,ahcdn.com
4413,curbed.com
4414,yinghuadongman123.com
4415,epicgames.dev
4416,parade.com
4417,bitcoin.com
4418,images-amazon.com
4419,smallseotools.com
4420,bp.com
4421,register.it
4422,ky.gov
4423,nato.int
4424,thekitchn.com
4425,turkishairlines.com
4426,ok.xxx
4427,trellian.com
4428,windowscentral.com
4429,topuniversities.com
4431,ilbe.com
4432,o2.pl
4433,copyright.gov
4434,sp-prod.net
4435,lunchpaybackdarcy.com
4436,wikispaces.com
4437,iam.gov.sa
4438,afr.com
4439,awsdns-40.org
4440,prserv.net
4441,126.com
4442,tuyaeu.com
4443,ibytedtos.com
4444,siteforce.com
4445,metoffice.gov.uk
4446,hdtoday.tv
4447,animego.org
4448,artnet.com
4449,iporntv.net
4450,jmcomic.asia
4451,mykajabi.com
4452,billdesk.com
4453,awsdns-56.com
4454,bitcoin.org
4455,hackernoon.com
4456,aweber.com
4457,immobilienscout24.de
4458,reactjs.org
4459,sbb.rs
4460,awsdns-05.com
4461,12306.cn
4462,newrepublic.com
4463,dns.ws
4464,hc360.com
4465,zarinpal.com
4466,chronicle.com
4467,ip-plus.net
4468,baidu.hk
4469,googlepages.com
4470,rpi.edu
4471,centurylink.net
4472,awsdns-62.com
4473,unixtools.org
4474,stg-grabpay.com
4475,cargocollective.com
4476,kpmg.com
4477,wn.com
4478,cfr.org
4479,threebit.net
4480,marinetraffic.com
4481,fiu.edu
4482,zingnews.vn
4483,myhuaweicloud.com
4484,vcu.edu
4485,globaltimes.cn
4486,mvideo.ru
4488,iprojects.ru
4489,alz.org
4490,ebayimg.com
4491,saix.net
4492,sabre.com
4493,internapcdn.net
4494,shadowserver.org
4495,freebitco.in
4496,bit.do
4497,kampyle.com
4498,archlinux.org
4499,imilroshoors.com
4500,soft98.ir
4501,cepat.net.id
4502,cloudfunctions.net
4503,thefappeningblog.com
4504,avct.cloud
4505,sports.ru
4506,siue.edu
4507,geocities.jp
4508,firstpost.com
4509,awsdns-25.com
4510,pbskids.org
4511,identrust.com
4512,tsa.gov
4513,colossusssp.com
4514,mangadex.org
4515,icons8.com
4516,helsinki.fi
4517,signupgenius.com
4518,doxygen.nl
4519,detroitnews.com
4520,ytmp3.cc
4521,kcl.ac.uk
4522,nationalgeographic.org
4523,forgeofempires.com
4524,technorail.com
4525,nationalarchives.gov.uk
4526,jubsaugn.com
4527,whiterabbitpress.com
4528,moneysavingexpert.com
4529,getintopc.com
4531,avid.com
4532,sbcglobal.net
4533,tum.de
4534,boardgamegeek.com
4535,esri.com
4536,selcloud.ru
4537,dickssportinggoods.com
4538,awsdns-57.com
4539,shell.com
4540,bytedance.net
4541,zoneedit.com
4542,dbankcdn.ru
4543,zj.gov.cn
4544,kiwi.com
4545,wolframalpha.com
4546,raspberrypi.com
4547,awsdns-25.net
4548,ssyoutube.com
4549,telus.com
4550,porkbun.com
4551,openresolve.rs
4552,e-recht24.de
4553,c-span.org
4554,247sports.com
4555,iata.org
4556,mytrafficmanagement.com
4557,spiceworks.com
4558,auctollo.com
4559,ethdisco.net
4560,gsa.gov
4561,nola.com
4562,awsdns-59.net
4563,awsdns-54.com
4564,vertamedia.com
4565,clien.net
4566,jwplatform.com
4567,jcpenney.com
4568,maine.gov
4569,healthgrades.com
4570,umwelt-campus.de
4571,awsdns-49.net
4572,campaign-archive1.com
4573,kraken.com
4574,handelsblatt.com
4575,usaid.gov
4576,gao.gov
4577,sankakucomplex.com
4578,truefitcorp.com
4579,qlogo.cn
4580,nla.gov.au
4581,collider.com
4582,faloo.com
4583,secomtrust.net
4584,speakerdeck.com
4585,spacex.com
4586,drexel.edu
4587,ameritrade.com
4588,infoworld.com
4589,onenote.com
4590,libreoffice.org
4591,siteground.us
4592,time.ir
4593,4dex.io
4594,infoseek.co.jp
4595,west.cn
4596,pearltrees.com
4597,atwiki.jp
4598,docin.com
4599,canvas-user-content.com
4600,autotrader.com
4601,epfl.ch
4602,bbcgoodfood.com
4603,xvideos.red
4604,weblio.jp
4605,businessinsider.in
4606,superchat.live
4607,blogimg.jp
4608,idc.jp
4609,kochglobalservices.com
4610,lbl.gov
4611,salesforcescrt.com
4612,awsdns-44.org
4613,cam4.com
4614,shipstation.com
4615,ibiblio.org
4616,maff.com
4617,coremetrics.com
4618,subscene.com
4619,xunlei.com
4620,otnolatrnup.com
4621,workable.com
4622,list-manage2.com
4623,cargill.com
4624,awsdns-51.net
4625,asm.org
4626,duapps.com
4627,fastly-insights.com
4628,ameba.jp
4629,samsungdm.com
4630,eenadu.net
4631,glpals.com
4632,foodandwine.com
4633,medicare.gov
4634,walmart.ca
4635,akusherstvo.ru
4636,awsdns-14.com
4638,upcbroadband.com
4639,mountain.com
4640,voximplant.com
4641,yandex.by
4642,hrzn-nxt.com
4643,avl.com
4644,reliefweb.int
4645,seesaa.net
4646,blogspot.in
4647,carbonblack.io
4648,gsxt.gov.cn
4649,grindr.com
4650,disquscdn.com
4651,onlinepbx.ru
4652,awsdns-24.co.uk
4653,louvre.fr
4654,zeasn.tv
4655,ludia.net
4656,mainichi.jp
4657,smartasset.com
4658,easports.com
4659,safeway.com
4660,domains-green.com
4661,rome2rio.com
4662,ksyna.net
4663,ironsrc.mobi
4664,investors.com
4665,awsdns-55.com
4666,paycomonline.net
4667,apple-dns.cn
4668,cas.cn
4669,awsdns-30.net
4670,dnsv4.com
4671,ihrhls.com
4672,commbank.com.au
4673,bangbros.com
4674,awsdns-62.org
4675,logmein.com
4676,mobile01.com
4677,pdffiller.com
4678,awsdns-50.com
4679,weather.com.cn
4680,mobilityware.com
4681,awsdns-00.com
4682,se.com
4683,kyoto-u.ac.jp
4684,pewinternet.org
4685,v0cdn.net
4686,schoology.com
4687,handle.net
4688,ntu.edu.tw
4689,pfgc.com
4690,socialmediagirls.com
4691,tapd.cn
4692,futbin.com
4693,cmbchina.com
4694,kunlungr.com
4695,stltoday.com
4696,simplecast.com
4697,videojs.com
4698,tate.org.uk
4699,lifeomic.com
4700,afp.com
4701,iotcplatform.com
4702,powerschool.com
4703,offerup.com
4704,pokemon.com
4705,cscdns.net
4706,elastic-cloud.com
4707,misp.ru
4708,meesho.com
4709,178.com
4710,inquirer.net
4711,campaign-archive2.com
4712,shop.app
4713,manyvids.com
4714,pinterest.jp
4715,adultfriendfinder.com
4716,mfms.ru
4717,pornez.net
4718,kriesi.at
4719,businessinsider.com.au
4720,serverfault.com
4721,ncsl.org
4722,hotpepper.jp
4723,googlehosted.com
4724,tampermonkey.net
4725,spotifycdn.com
4726,digitalspy.com
4727,smartrecruiters.com
4728,ptoserver.com
4729,dnsv1.com.cn
4730,awsdns-39.org
4731,calm.com
4732,yellowblue.io
4733,hostia.name
4734,live-video.net
4735,mydlink.com
4736,farsnews.ir
4737,financialpost.com
4738,usdoj.gov
4739,whatismyipaddress.com
4740,jobinja.ir
4741,blurb.com
4742,tappx.com
4743,serverbid.com
4744,awsdns-58.net
4745,16personalities.com
4746,bonappetit.com
4747,sling.com
4748,igvita.com
4749,awsdns-63.net
4750,hotornot.com
4751,awsdns-38.org
4752,unh.edu
4753,b-dc-msedge.net
4754,awsdns-10.org
4755,kwai.net
4756,cuevana.pro
4757,ontario.ca
4758,temp-mail.org
4759,dzone.com
4760,ilfattoquotidiano.it
4761,oneindia.com
4762,govinfo.gov
4763,telegraaf.nl
4764,admixer.net
4765,harrahs.org
4766,winzip.com
4767,kwikdns.com
4768,ifttt.com
4769,canaryis.com
4770,laweekly.com
4771,kff.org
4772,videoplayerhub.com
4773,wi.gov
4775,rogers.com
4776,blockchain.com
4777,myvisualiq.net
4778,tagesspiegel.de
4779,pluralsight.com
4780,thegamer.com
4781,tide.co
4782,active24.cz
4783,awsdns-32.com
4784,samsungelectronics.com
4785,iz.ru
4786,liberation.fr
4787,azure-api.net
4788,rosneft.ru
4789,yottaa.net
4790,postermywall.com
4791,lgappstv.com
4792,adnxs.net
4793,aircanada.com
4794,snapp.ir
4795,awsdns-25.org
4796,avclub.com
4797,tulane.edu
4798,payscale.com
4799,kinsta.com
4800,hypebeast.com
4801,chatwork.com
4802,imotech.tech
4803,skyrock.com
4804,n11.com
4805,ksl.com
4806,lanzoui.com
4807,lofter.com
4808,bmi.ir
4809,flyingcroc.net
4810,tasteofhome.com
4811,metacafe.com
4812,osd.mil
4813,sb-cd.com
4814,ustc.edu.cn
4815,zoznam.sk
4816,core.ac.uk
4817,xhamster.desi
4818,americanas.com.br
4819,reson8.com
4820,degruyter.com
4821,cdnhwc3.com
4822,findagrave.com
4823,sportbox.ru
4824,imolive2.com
4825,heytapdl.com
4826,oppo.com
4827,appledaily.com.tw
4828,lululemon.com
4829,helpguide.org
4830,people.cn
4831,awsdns-02.com
4832,awsdns-46.org
4833,grubhub.com
4834,cloud-fdc.com
4835,thescore.com
4836,tudou.com
4837,awsdns-33.org
4838,vonage.com
4839,aafp.org
4840,kqzyfj.com
4841,dongchedi.com
4842,rebrand.ly
4843,moengage.com
4844,awsdns-36.org
4845,xarth.tv
4846,starwars.com
4847,creativebloq.com
4848,corel.com
4849,jagex.com
4850,insidehighered.com
4851,slackb.com
4852,imagebam.com
4853,jalopnik.com
4854,supportxmr.com
4855,garena.com
4856,apptimize.com
4857,csiro.au
4858,turner.com
4859,nationalacademies.org
4860,sportingnews.com
4861,bcg.js.cn
4862,fuq.com
4863,ou.edu
4864,ku.dk
4865,sheknows.com
4866,coinpayu.com
4867,sitepoint.com
4868,cas.ms
4869,flourish.studio
4870,simplilearn.com
4871,vudu.com
4872,kansascity.com
4873,com.ru
4874,beeg.com
4875,enamad.ir
4876,awsdns-31.net
4877,fourseasons.com
4878,mof.gov.cn
4879,10086.cn
4880,ht-systems.ru
4881,blogtalkradio.com
4882,freepik.es
4883,y2mate.is
4884,realclearpolitics.com
4885,derstandard.at
4886,p-n.io
4887,theweathernetwork.com
4888,mofcom.gov.cn
4889,magazineluiza.com.br
4890,thegatewaypundit.com
4891,simplesite.com
4892,creativemarket.com
4893,bizrate.com
4894,uni-muenchen.de
4895,bc.edu
4896,kuleuven.be
4897,ctfile.com
4898,awsdns-44.com
4899,awsdns-57.org
4900,lendingtree.com
4901,videocampaign.co
4902,ufanet.ru
4903,service-public.fr
4904,liveleak.com
4905,uvm.edu
4906,templatemonster.com
4907,cdnga.net
4908,fu-berlin.de
4909,nyt.net
4910,huffingtonpost.ca
4911,worldwildlife.org
4912,psdops.com
4913,countryliving.com
4914,ewg.org
4915,geocaching.com
4916,nfpa.org
4917,netafraz.com
4919,crashplan.com
4920,mosreg.ru
4921,eu-1-id5-sync.com
4922,visualcapitalist.com
4923,whois.com
4924,motorsport.com
4925,dailycaller.com
4926,10jqka.com.cn
4927,intensedebate.com
4928,wallst.com
4929,flocktory.com
4930,unt.edu
4931,buzzoola.com
4932,bdys01.com
4933,awsdns-15.org
4934,thenationalnews.com
4935,mensjournal.com
4936,square-enix.com
4937,babycenter.com
4938,myflorida.com
4939,cgood.ru
4940,bounceexchange.com
4941,zegocloud.com
4942,aznude.com
4943,petfinder.com
4944,sonyentertainmentnetwork.com
4945,fang.com
4946,zotero.org
4947,band.us
4948,jpmorganchase.com
4949,gleam.io
4950,law.com
4951,opensuse.org
4952,awsdns-07.org
4953,mediawallahscript.com
4954,d-net.pro
4955,fantia.jp
4956,hotlog.ru
4957,cibc.com
4958,zdnscloud.biz
4959,ns.gq
4960,fisglobal.com
4961,fastweb.it
4962,infusionsoft.com
4963,gtm-a2b2.com
4964,truoptik.com
4965,keydisk.ru
4966,hwccpc.com
4967,philly.com
4968,swissinfo.ch
4969,blueconic.net
4970,epicurious.com
4971,vkuservideo.net
4972,testbook.com
4973,nrdc.org
4974,zhaket.com
4975,liveabout.com
4976,thunderbird.net
4977,inews.co.uk
4978,7movierulz.tc
4979,packagist.org
4980,infotec.net.mx
4981,secureworks.com
4982,bigthink.com
4983,datastax.com
4984,yamaha.com
4985,dandomain.dk
4986,socialmediatoday.com
4987,moveaws.com
4988,wa.link
4989,otto.de
4990,dc.gov
4991,europepmc.org
4992,dyndns.tv
4994,msk.ru
4995,xiaoe-tech.com
4996,marktplaats.nl
4997,ppomppu.co.kr
4998,reurl.cc
4999,retailmenot.com
5000,truist.com
5001,idealo.de
5002,gta5-mods.com
5003,reflected.net
5004,sourcefire.com
5005,teletarget.ru
5006,volvocars.com
5007,hawaii.gov
5008,travelocity.com
5009,apxns.com
5010,opsgenie.com
5011,heroku.com
5012,18comic.vip
5013,readthedocs.org
5014,xiaoeknow.com
5015,theice.com
5016,dstv.com
5017,allocine.fr
5018,blogspot.com.au
5019,yr.no
5020,officedepot.com
5021,ce.cn
5022,bcg.jx.cn
5023,zdnscloud.net
5024,reviewjournal.com
5025,translate.goog
5026,softether-network.net
5027,bmo.com
5028,newsbreak.com
5029,thotsbay.com
5030,ballotpedia.org
5031,r-project.org
5032,theweek.com
5033,wildapricot.org
5034,tritondigital.com
5035,euractiv.com
5036,ns.ga
5037,businessnewsdaily.com
5038,urbanoutfitters.com
5039,ak-is2.net
5040,capgemini.com
5041,callstats.io
5042,sz.gov.cn
5043,ontouch.tv
5044,masterclass.com
5045,paypalobjects.com
5046,swagbucks.com
5047,softbank.jp
5048,awsdns-08.org
5049,mercola.com
5050,marketingcloudqaops.com
5051,posterous.com
5052,gameloft.com
5053,bsgslb.cn
5054,puma.com
5055,wpbeginner.com
5056,kunlunso.com
5057,freeservers.com
5058,goodrx.com
5059,vivo.com.br
5060,1984.is
5061,dailywire.com
5062,awsdns-53.net
5063,rax.io
5064,ugslb.info
5065,kia.com
5066,diabetes.org
5067,vizio.com
5068,worldpopulationreview.com
5069,ekatox.com
5070,shopifysvc.com
5071,bell.ca
5072,ccb.com
5073,canva.cn
5074,yna.co.kr
5075,zdnscloud.info